14,Compiler Removal of Code to Clear Buffers,AppChecker,97.16014814355403,9,3971,
22,Improper Limitation of a Pathname to a Restricted Directory ('Path Traversal'),AppChecker,90.53692521758306,5,7259,
79,Improper Neutralization of Input During Web Page Generation ('Cross-site Scripting'),AppChecker,2.3393883993592324,1,9942,
89,Improper Neutralization of Special Elements used in an SQL Command ('SQL Injection'),AppChecker,69.57306661274202,10,7855,
94,Improper Control of Generation of Code ('Code Injection'),AppChecker,98.43149211924077,10,5279,
95,Improper Neutralization of Directives in Dynamically Evaluated Code ('Eval Injection'),AppChecker,31.128259329935904,4,2250,
103,Struts: Incomplete validate() Method Definition,AppChecker,28.648600409177593,6,2940,
113,Improper Neutralization of CRLF Sequences in HTTP Headers ('HTTP Response Splitting'),AppChecker,97.42761518285819,5,1125,
114,Process Control,AppChecker,42.64648674222015,10,9581,
117,Improper Output Neutralization for Logs,AppChecker,64.68556294944253,4,9120,
120,Buffer Copy without Checking Size of Input ('Classic Buffer Overflow'),AppChecker,20.78050211663789,2,6590,
121,Stack-based Buffer Overflow,AppChecker,96.38519776955373,6,5699,
125,Out-of-bounds Read,AppChecker,15.054208996926366,4,4395,
134,Uncontrolled Format String,AppChecker,0.0004954326439321477,4,8452,
135,Incorrect Calculation of Multi-Byte String Length,AppChecker,48.54556422355447,10,7203,
170,Improper Null Termination,AppChecker,21.95150183721104,1,7127,
194,Unexpected Sign Extension,AppChecker,79.10301868381502,4,2735,
196,Unsigned to Signed Conversion Error,AppChecker,50.29440491205095,7,5429,
197,Numeric Truncation Error,AppChecker,91.59810520756123,10,6528,
209,Information Exposure Through an Error Message,AppChecker,23.675047113829905,3,1765,
213,Intentional Information Exposure,AppChecker,15.170663635392811,6,4641,
215,Information Exposure Through Debug Information,AppChecker,28.48375634331348,5,5571,
242,Use of Inherently Dangerous Function,AppChecker,35.77170954954237,9,797,
245,J2EE Bad Practices: Direct Management of Connections,AppChecker,80.01491821644376,7,8710,
252,Unchecked Return Value,AppChecker,82.95055473021569,2,95,
253,Incorrect Check of Function Return Value,AppChecker,50.26610540335671,7,5972,
259,Use of Hard-coded Password,AppChecker,83.40329413966404,4,303,
275,Permission Issues,AppChecker,96.8676588940599,9,1969,
312,Cleartext Storage of Sensitive Information,AppChecker,81.3018054812358,1,7254,
327,Use of a Broken or Risky Cryptographic Algorithm,AppChecker,99.65226714296675,3,5403,
337,Predictable Seed in PRNG,AppChecker,34.542025107319,3,5392,
347,Improper Verification of Cryptographic Signature,AppChecker,65.66035807326955,9,9618,
362,Concurrent Execution using Shared Resource with Improper Synchronization ('Race Condition'),AppChecker,3.749992373044786,2,3527,
369,Divide By Zero,AppChecker,69.62899824349141,3,8118,
375,Returning a Mutable Object to an Untrusted Caller,AppChecker,3.3046183966391807,4,8439,
388,Error Handling,AppChecker,6.975116696413853,4,3986,
390,Detection of Error Condition Without Action,AppChecker,93.62001123686026,6,8440,
391,Unchecked Error Condition,AppChecker,17.8061478469299,4,676,
395,Use of NullPointerException Catch to Detect NULL Pointer Dereference,AppChecker,62.837877928294894,3,3986,
397,Declaration of Throws for Generic Exception,AppChecker,46.95683574691826,10,5062,
398,Indicator of Poor Code Quality,AppChecker,54.06384653363523,10,3380,
401,Improper Release of Memory Before Removing Last Reference ('Memory Leak'),AppChecker,20.362466194534758,7,7293,
404,Improper Resource Shutdown or Release,AppChecker,97.36015324488054,3,4657,
415,Double Free,AppChecker,25.208967420821992,7,746,
428,Unquoted Search Path or Element,AppChecker,62.7047978231442,7,5926,
467,Use of sizeof() on a Pointer Type,AppChecker,14.273177887375743,1,5621,
468,Incorrect Pointer Scaling,AppChecker,11.7092942369866,1,1247,
476,NULL Pointer Dereference,AppChecker,66.96049181709695,1,7707,
477,Use of Obsolete Functions,AppChecker,22.959526280127317,7,5155,
478,Missing Default Case in Switch Statement,AppChecker,23.31448651920708,3,4843,
480,Use of Incorrect Operator,AppChecker,54.01354787727848,6,6304,
481,Assigning instead of Comparing,AppChecker,52.290096644439686,4,919,
482,Comparing instead of Assigning,AppChecker,71.0058249904878,3,6756,
484,Omitted Break Statement in Switch,AppChecker,96.17985433647574,7,2827,
486,Comparison of Classes by Name,AppChecker,17.84152493182073,10,7041,
491,Public cloneable() Method Without Final ('Object Hijack'),AppChecker,61.02579443109122,2,7488,
497,Exposure of System Data to an Unauthorized Control Sphere,AppChecker,23.428283939962448,5,9829,
500,Public Static Field Not Marked Final,AppChecker,94.17149254723368,7,928,
506,Embedded Malicious Code,AppChecker,39.53356944492891,3,2002,
511,Logic/Time Bomb,AppChecker,68.86795196761994,4,2063,
526,Information Exposure Through Environmental Variables,AppChecker,99.21693474871964,3,6200,
545,Use of Dynamic Class Loading,AppChecker,20.74279196397778,3,8390,
557,Concurrency Issues,AppChecker,96.04421865387651,3,8820,
561,Dead Code,AppChecker,11.706797068075748,3,9125,
562,Return of Stack Variable Address,AppChecker,4.694958715664422,5,1969,
568,finalize() Method Without super.finalize(),AppChecker,4.577590614179627,8,5480,
569,Expression Issues,AppChecker,31.436942919850264,5,4094,
570,Expression is Always False,AppChecker,58.11627310682975,6,6425,
571,Expression is Always True,AppChecker,10.123087497458727,10,2015,
580,clone() method does not call super.clone(),AppChecker,17.413258231607198,5,6146,
581,Object Model Violation: Just One of Equals and Hashcode Defined,AppChecker,21.2860034420746,6,5468,
582,"Array Declared Public, Final, and Static",AppChecker,72.38928020781559,2,166,
583,finalize() Method Declared Public,AppChecker,73.65284993403091,3,5107,
584,Return Inside Finally Block,AppChecker,8.776596053249353,4,5091,
585,Empty Synchronized Block,AppChecker,57.04406141546854,10,4114,
586,Explicit Call to Finalize(),AppChecker,58.384323835872564,9,2177,
587,Assignment of a Fixed Address to a Pointer,AppChecker,84.49185808265081,6,2536,
590,Free of Memory not on the Heap,AppChecker,46.176527068626925,7,3907,
606,Unchecked Input for Loop Condition,AppChecker,83.4064714099671,6,3835,
609,Double-Checked Locking,AppChecker,21.79116413134189,3,5881,
617,Reachable Assertion,AppChecker,38.1848841515488,3,3703,
628,Function Call with Incorrectly Specified Arguments,AppChecker,69.64033023242963,1,5576,
648,Incorrect Use of Privileged APIs,AppChecker,71.0474397246604,10,3585,
662,Improper Synchronization,AppChecker,68.96987817176226,5,7074,
674,Uncontrolled Recursion,AppChecker,19.43110430810896,9,3416,
682,Incorrect Calculation,AppChecker,98.08101523178708,4,201,
683,Function Call With Incorrect Order of Arguments,AppChecker,58.72212732891827,2,9392,
691,Insufficient Control Flow Management,AppChecker,2.8910145151180067,8,1884,
697,Insufficient Comparison,AppChecker,75.66759855769189,10,8739,
730,OWASP Top Ten 2004 Category A9 - Denial of Service,AppChecker,23.08399752021365,8,1218,
759,Use of a One-Way Hash without a Salt,AppChecker,91.26271431789958,9,7066,
770,Allocation of Resources Without Limits or Throttling,AppChecker,17.710286010465147,6,7503,
780,Use of RSA Algorithm without OAEP,AppChecker,60.603252000878335,3,2952,
798,Use of Hard-coded Credentials,AppChecker,42.208128164512296,10,2295,
806,Buffer Access Using Size of Source Buffer,AppChecker,60.968569304462164,9,3920,
835,Loop with Unreachable Exit Condition ('Infinite Loop'),AppChecker,89.8788706381326,2,6615,
858,CERT Java Secure Coding Section 13 - Serialization (SER),AppChecker,11.607421765866032,3,5114,
961,SFP Secondary Cluster: Incorrect Exception Behavior,AppChecker,47.11773820337497,2,9094,
,Sink Point,clang-tidy,63.95431408685363,8,419,
,Analyzer Statistics,clang-tidy,61.41205105795212,3,5606,
788,Out-of-bound array access,clang-tidy,69.89382488825015,3,4345,
788,Out-of-bound access,clang-tidy,75.09392240767927,2,4376,
557,Call to blocking function in critical section,clang-tidy,78.39102180762845,10,4397,
681,Assignment of a non-Boolean value,clang-tidy,87.32142543728773,8,7406,
1006,API,clang-tidy,74.58243545681839,8,6606,
788,Out-of-bound array access,clang-tidy,41.60058133358172,3,9969,
476,Null pointer argument in call to byte string function,clang-tidy,25.391482774334307,1,6114,
398,Anti-pattern in the argument,clang-tidy,32.19087051928871,8,9287,
398,Anti-pattern in the argument,clang-tidy,30.714785710810954,2,3836,
465,Receiver in message expression is 'nil',clang-tidy,42.144452847200554,7,1443,
824,Subscript access on an uninitialized object pointer,clang-tidy,43.17050901109661,4,6758,
824,Property access on an uninitialized object pointer,clang-tidy,70.8844299826414,7,7846,
824,Receiver in message expression is an uninitialized value,clang-tidy,13.750975137595633,9,5214,
476,Called C++ object pointer is null,clang-tidy,51.708272176947304,10,7330,
824,Called C++ object pointer is uninitialized,clang-tidy,56.310872088368626,4,1846,
824,Uninitialized argument value,clang-tidy,59.12488985459906,6,243,
476,Called function pointer is null (null dereference),clang-tidy,15.519579212433921,9,7534,
824,Called function pointer is an uninitialized pointer value,clang-tidy,80.79437521198571,10,1135,
704,Cast region with wrong size.,clang-tidy,11.022664005929073,6,7133,
704,Widening cast to struct type,clang-tidy,62.07027072571415,4,5597,
704,Cast from non-struct type to struct type,clang-tidy,15.33874403843657,7,8960,
399,Mistaken dealloc,clang-tidy,72.23500705941748,1,1831,
401,Missing ivar release (leak),clang-tidy,10.123941060893593,10,376,
389,Incompatible instance method return type,clang-tidy,27.164343762345123,3,9269,
242,Potential insecure implementation-specific behavior in call 'vfork',clang-tidy,30.91736382278626,4,3930,
338,'random' is not a secure random number generator,clang-tidy,35.913607764167246,8,6435,
120,Potential insecure memory buffer bounds restriction in call 'strcat',clang-tidy,79.6480869202564,7,5633,
120,Potential insecure memory buffer bounds restriction in call 'strcpy',clang-tidy,8.257763428899878,3,4794,
378,Insecure temporary file creation,clang-tidy,47.38314570608576,8,9629,
378,Potential insecure temporary file in call 'mktemp',clang-tidy,24.583694615493755,3,9267,
242,Potential buffer overflow in call to 'getpw',clang-tidy,78.46497902390145,8,5376,
242,Potential buffer overflow in call to 'gets',clang-tidy,59.67295759508725,9,9528,
477,Use of deprecated function in call to 'bzero()',clang-tidy,4.197467561734902,8,9262,
477,Use of deprecated function in call to 'bcopy()',clang-tidy,44.3032976365186,1,1427,
477,Use of deprecated function in call to 'bcmp()',clang-tidy,35.96534225766413,10,1080,
467,Potential unintended use of sizeof() on pointer type,clang-tidy,61.05644707402803,4,7269,
243,Break out of jail,clang-tidy,98.66795765083869,6,7062,
1041,Suspicious code clone,clang-tidy,59.1225448194021,6,6472,
1041,Exact code clone,clang-tidy,12.236501018313174,2,4157,
681,Conversion,clang-tidy,28.801186216766773,3,1724,
1079,Destruction of a polymorphic object with no virtual destructor,clang-tidy,16.342056214518628,9,4901,
824,Dereference of undefined pointer value,clang-tidy,34.24532429493377,5,4265,
476,Dereference of null pointer,clang-tidy,76.70268725047856,10,1126,
1006,Property access,clang-tidy,67.40992850934352,10,946,
136,Dynamic and static type mismatch,clang-tidy,28.47953755092252,8,6791,
704,Generics,clang-tidy,19.757147831628952,9,1486,
704,Enum cast out of range,clang-tidy,97.1446895982032,4,2853,
,Checking analyzer assumptions,clang-tidy,58.86430884843976,7,1739,
587,Use fixed address,clang-tidy,69.90593509113859,2,132,
398,GCD performance anti-pattern,clang-tidy,62.633511930986295,5,5967,
502,Use of Untrusted Data,clang-tidy,22.462653943567766,9,6710,
569,Identical expressions in conditional expression,clang-tidy,78.21641581348634,5,205,
569,Compare of identical expressions,clang-tidy,24.86418050716156,4,6856,
1041,Identical branches,clang-tidy,24.100989459540877,1,3175,
1041,Identical conditions,clang-tidy,48.874908614082756,3,9392,
1041,Identical conditions,clang-tidy,13.29309820375516,9,2110,
1041,Use of identical expressions,clang-tidy,88.65102335345098,9,4301,
825,Iterator invalidated,clang-tidy,81.53339521490763,10,6130,
465,Iterator out of range,clang-tidy,13.757681702691437,1,3542,
459,Incomplete invalidation,clang-tidy,52.303178158399255,6,2431,
459,Incomplete invalidation,clang-tidy,26.015409558042712,1,2642,
399,AST node allocates heap memory,clang-tidy,25.832779375115976,5,1464,
398,Plural Misuse,clang-tidy,31.39065505481221,4,3400,
398,Context Missing,clang-tidy,1.5969534272400443,6,6895,
398,Unlocalizable string,clang-tidy,33.06405387644536,10,1518,
399,Improper use of SecKeychain API,clang-tidy,7.70050781080609,8,6724,
1006,Improper use of 'dispatch_once',clang-tidy,24.830313631835622,5,7593,
401,Memory leak,clang-tidy,90.33640569106142,7,2050,
763,Bad free,clang-tidy,78.79265003987551,7,9583,
399,Use of zero allocated,clang-tidy,9.849034163031089,5,4269,
415,Double delete,clang-tidy,49.61110448977289,10,295,
415,Double free,clang-tidy,37.87526741415297,5,4227,
416,Use-after-free,clang-tidy,7.30131211680265,4,3052,
761,Offset free,clang-tidy,27.52562892585424,1,473,
763,Bad deallocator,clang-tidy,73.73791980571465,8,2184,
590,Free alloca(),clang-tidy,15.968620881531148,10,8889,
763,Bad free,clang-tidy,66.517290695356,8,3296,
789,malloc() size overflow,clang-tidy,97.10917134114393,4,1112,
131, dubious allocs arguments involving sizeof,clang-tidy,4.006378316417147,7,8822,
200,"W^X check fails, Write Exec prot flags set",clang-tidy,43.0898346697292,6,9417,
399,Use-after-move,clang-tidy,8.575208018289471,9,5280,
1006,Use -drain instead of -release,clang-tidy,96.23175090201097,10,6833,
476,CFErrorRef* null dereference,clang-tidy,23.940923688254923,1,9164,
1006,Bad return type when passing CFErrorRef*,clang-tidy,13.429867886319425,8,9371,
1006,Bad return type when passing NSError**,clang-tidy,68.1913816077279,6,3968,
476,Dereference of null pointer,clang-tidy,71.80399878903975,2,1594,
476,Argument with 'nonnull' attribute passed null,clang-tidy,0.8271322432886086,6,6093,
476,Nullability,clang-tidy,77.07751389380056,6,6038,
682,Suspicious number object conversion,clang-tidy,80.48229410497733,4,3286,
704,OSObject C-Style Cast,clang-tidy,64.78863374793659,1,600,
662,Nil value used as mutex for @synchronized() (no synchronization will occur),clang-tidy,49.15423348531256,10,7310,
662,Uninitialized value used as mutex for @synchronized,clang-tidy,63.51201277470921,8,2325,
465,CFArray API,clang-tidy,44.730626632923475,2,2476,
1006,Objective-C property misuse,clang-tidy,74.44279716233967,9,2706,
399,[super dealloc] should not be called more than once,clang-tidy,76.29185985953092,7,3331,
1164,Unused instance variable,clang-tidy,92.97181884529685,3,1191,
188,Dangerous pointer arithmetic,clang-tidy,4.876956481634931,9,3285,
465,Iteration of pointer-like elements,clang-tidy,67.87284142408285,1,9748,
465,Sorting of pointer-like elements,clang-tidy,40.07049626983034,2,2578,
469,Pointer subtraction,clang-tidy,92.80574241897489,7,5958,
667,Use destroyed lock,clang-tidy,59.96676737240465,1,1434,
667,Init invalid lock,clang-tidy,43.186268763893786,4,2931,
667,Destroy invalid lock,clang-tidy,82.54785954515953,8,1394,
667,Lock order reversal,clang-tidy,92.3604887579851,10,5374,
667,Double unlocking,clang-tidy,33.83979035519283,10,5657,
667,Double locking,clang-tidy,54.141996031285935,4,5638,
466,Return of pointer value outside of expected range,clang-tidy,14.297256965340377,9,4377,
465,Returning null reference,clang-tidy,26.21096977771906,9,7,
465,Garbage return value,clang-tidy,62.120274093249165,7,1801,
399,Memory leak inside autorelease pool,clang-tidy,8.935244015086742,10,7976,
910,Double fclose,clang-tidy,59.23778396601021,9,6605,
775,Resource Leak,clang-tidy,2.8377480417497325,6,5520,
910,Double fclose,clang-tidy,14.431019816671498,5,3797,
476,NULL stream pointer,clang-tidy,5.69267180067542,1,7712,
628,Illegal whence argument,clang-tidy,86.91745730228044,5,9234,
19,Tainted data,clang-tidy,51.9183983700924,8,2486,
369,Division by zero,clang-tidy,93.06471124517681,6,7016,
465,Branch condition evaluates to a garbage value,clang-tidy,60.3522450129291,5,3907,
824,uninitialized variable captured by block,clang-tidy,14.788609135417596,1,4849,
465,Result of operation is garbage or undefined,clang-tidy,62.613292020971514,9,4753,
824,Array subscript is undefined,clang-tidy,44.576849209368255,5,7057,
561,Unreachable code,clang-tidy,0.17308646705314068,2,7572,
789,Dangerous variable-length array (VLA) declaration,clang-tidy,87.97733822691156,10,2818,
401,Leaked va_list,clang-tidy,1.2798470500011372,5,4350,
824,Uninitialized va_list,clang-tidy,97.57564030501368,6,6654,
399,Dangerous construct in a vforked process,clang-tidy,80.10659508560244,4,9136,
788,Out-of-bound array access,clang-tidy,11.773308872588695,1,3189,
788,Out-of-bound access,clang-tidy,34.45127146470487,8,6718,
557,Call to blocking function in critical section,clang-tidy,65.74165801751921,3,9372,
681,Assignment of a non-Boolean value,clang-tidy,45.608331199244475,4,3771,
1006,API,clang-tidy,57.57909973420503,2,4609,
788,Out-of-bound array access,clang-tidy,15.688560790831108,3,6778,
398,Anti-pattern in the argument,clang-tidy,31.103302445757198,7,8848,
398,Anti-pattern in the argument,clang-tidy,52.35434644138143,9,7223,
465,Receiver in message expression is 'nil',clang-tidy,22.638013133792978,6,6306,
824,Subscript access on an uninitialized object pointer,clang-tidy,80.59379146376799,10,2439,
824,Property access on an uninitialized object pointer,clang-tidy,85.3752198659697,2,6130,
824,Receiver in message expression is an uninitialized value,clang-tidy,46.758611780415414,1,1743,
476,Called C++ object pointer is null,clang-tidy,21.061422525823293,7,2554,
824,Called C++ object pointer is uninitialized,clang-tidy,93.32320197918156,7,492,
824,Uninitialized argument value,clang-tidy,97.50664005775835,9,7310,
476,Called function pointer is null (null dereference),clang-tidy,76.76609598731612,10,8913,
824,Called function pointer is an uninitialized pointer value,clang-tidy,69.65159727389812,4,5805,
704,Cast region with wrong size.,clang-tidy,93.9170384426934,5,3156,
704,Widening cast to struct type,clang-tidy,48.274934028323415,7,6273,
704,Cast from non-struct type to struct type,clang-tidy,75.33901005616327,1,8703,
399,Mistaken dealloc,clang-tidy,20.94698257631761,1,802,
401,Missing ivar release (leak),clang-tidy,84.02574772260452,8,6508,
389,Incompatible instance method return type,clang-tidy,84.30005266959868,9,5678,
242,Potential insecure implementation-specific behavior in call 'vfork',clang-tidy,72.84779178903258,9,9157,
338,'random' is not a secure random number generator,clang-tidy,0.9085541385354001,3,3708,
120,Potential insecure memory buffer bounds restriction in call 'strcat',clang-tidy,89.19331763236417,2,9822,
120,Potential insecure memory buffer bounds restriction in call 'strcpy',clang-tidy,55.990668841211146,4,6654,
378,Insecure temporary file creation,clang-tidy,35.734317742735,1,6056,
378,Potential insecure temporary file in call 'mktemp',clang-tidy,98.08067630197992,10,1005,
242,Potential buffer overflow in call to 'getpw',clang-tidy,40.13662788063993,1,6758,
242,Potential buffer overflow in call to 'gets',clang-tidy,80.01113588580509,5,4093,
477,Use of deprecated function in call to 'bzero()',clang-tidy,26.102254754175735,4,1648,
477,Use of deprecated function in call to 'bcopy()',clang-tidy,6.403025394053818,10,8428,
477,Use of deprecated function in call to 'bcmp()',clang-tidy,29.92726120786785,5,9366,
467,Potential unintended use of sizeof() on pointer type,clang-tidy,14.648857218401234,4,135,
243,Break out of jail,clang-tidy,98.95769055135803,7,7626,
1041,Suspicious code clone,clang-tidy,5.411161937536124,6,6544,
1041,Exact code clone,clang-tidy,15.702911671858455,1,6210,
681,Conversion,clang-tidy,31.948952062990287,3,559,
1079,Destruction of a polymorphic object with no virtual destructor,clang-tidy,56.853793975375275,9,1745,
824,Dereference of undefined pointer value,clang-tidy,87.08647051604427,7,9429,
476,Dereference of null pointer,clang-tidy,30.559645206343898,6,6902,
1006,Property access,clang-tidy,91.64116453992159,1,356,
369,Division by zero,clang-tidy,75.21794250357345,8,9266,
136,Dynamic and static type mismatch,clang-tidy,46.579980939430776,10,8063,
704,Generics,clang-tidy,97.55430439770034,9,725,
704,Enum cast out of range,clang-tidy,34.366443387673094,4,8700,
587,Use fixed address,clang-tidy,94.46969671618983,10,9689,
398,GCD performance anti-pattern,clang-tidy,73.79823095743077,7,6849,
502,Use of Untrusted Data,clang-tidy,95.40497372247899,7,7319,
569,Identical expressions in conditional expression,clang-tidy,94.22499876252016,3,7961,
569,Compare of identical expressions,clang-tidy,15.188685768262344,9,392,
1041,Identical branches,clang-tidy,63.35605901756819,6,3024,
1041,Identical conditions,clang-tidy,31.50372708741507,10,6213,
1041,Identical conditions,clang-tidy,61.54219160489139,2,2123,
1041,Use of identical expressions,clang-tidy,87.22134117516146,6,3441,
825,Iterator invalidated,clang-tidy,26.484400088458305,7,4278,
465,Iterator out of range,clang-tidy,79.67912388577636,5,2496,
459,Incomplete invalidation,clang-tidy,11.304884944455274,1,9079,
459,Incomplete invalidation,clang-tidy,4.456700048897877,5,9065,
459,Incomplete invalidation,clang-tidy,42.47553528879009,5,6993,
399,AST node allocates heap memory,clang-tidy,61.40602838383581,4,2547,
398,Plural Misuse,clang-tidy,44.48965918983768,6,8164,
398,Context Missing,clang-tidy,72.06891737980348,9,2042,
398,Unlocalizable string,clang-tidy,46.02241359975912,10,858,
399,Improper use of SecKeychain API,clang-tidy,81.70925164757872,1,177,
1006,Improper use of 'dispatch_once',clang-tidy,75.98883101594498,5,7701,
401,Memory leak,clang-tidy,1.6606895119533283,7,2445,
763,Bad free,clang-tidy,81.08084522066093,10,605,
399,Use of zero allocated,clang-tidy,52.7115246498687,2,7560,
415,Double delete,clang-tidy,57.545951432492394,7,7403,
415,Double free,clang-tidy,31.01972803414832,4,5539,
416,Use-after-free,clang-tidy,28.184642404246418,5,2217,
761,Offset free,clang-tidy,17.663938403670578,1,5887,
763,Bad deallocator,clang-tidy,86.62464184462213,9,7051,
590,Free alloca(),clang-tidy,45.49104768549537,6,5143,
763,Bad free,clang-tidy,11.594745630151337,5,2523,
789,malloc() size overflow,clang-tidy,0.36033543676792235,10,1796,
131,Allocator sizeof operand mismatch,clang-tidy,37.756925760807334,8,413,
399,Use-after-move,clang-tidy,58.88026816910856,9,6904,
1006,Use -drain instead of -release,clang-tidy,41.04635405842893,8,7655,
476,CFErrorRef* null dereference,clang-tidy,86.01889467613023,2,4627,
1006,Bad return type when passing CFErrorRef*,clang-tidy,57.34994082406292,5,2928,
1006,Bad return type when passing NSError**,clang-tidy,76.13512326156886,8,9867,
476,Dereference of null pointer,clang-tidy,83.3951931094309,8,1255,
476,Argument with 'nonnull' attribute passed null,clang-tidy,58.09714105337761,6,332,
476,Nullability,clang-tidy,83.52717466617328,8,3268,
682,Suspicious number object conversion,clang-tidy,55.87934500054601,7,7606,
704,OSObject C-Style Cast,clang-tidy,63.10439080520705,7,9344,
662,Nil value used as mutex for @synchronized() (no synchronization will occur),clang-tidy,8.923549670843666,5,6657,
662,Uninitialized value used as mutex for @synchronized,clang-tidy,75.89391776873678,1,7597,
465,CFArray API,clang-tidy,18.81014837786298,10,8855,
1006,Objective-C property misuse,clang-tidy,65.80747172012592,2,5188,
399,[super dealloc] should not be called more than once,clang-tidy,9.84833789125088,6,9393,
1164,Unused instance variable,clang-tidy,57.861851739078084,3,1405,
188,Dangerous pointer arithmetic,clang-tidy,24.9037681260168,7,7606,
188,Dangerous pointer arithmetic,clang-tidy,61.87753727319119,9,1051,
465,Iteration of pointer-like elements,clang-tidy,57.93968877315623,9,2091,
465,Sorting of pointer-like elements,clang-tidy,74.02516192152105,7,4394,
469,Pointer subtraction,clang-tidy,57.80923025736159,7,3569,
667,Use destroyed lock,clang-tidy,95.19116984834271,3,3606,
667,Init invalid lock,clang-tidy,19.385515386911667,6,4245,
667,Destroy invalid lock,clang-tidy,60.93450815037529,4,5886,
667,Lock order reversal,clang-tidy,35.04145490254146,8,1289,
667,Double unlocking,clang-tidy,18.058699514671694,5,3480,
667,Double locking,clang-tidy,1.9780376944357747,3,1053,
466,Return of pointer value outside of expected range,clang-tidy,30.037530578711326,2,5122,
465,Returning null reference,clang-tidy,58.90148760690516,7,4847,
465,Garbage return value,clang-tidy,25.317967203847736,5,5089,
399,Memory leak inside autorelease pool,clang-tidy,34.49055454827399,9,8800,
910,Double fclose,clang-tidy,11.551932671449194,1,565,
775,Resource Leak,clang-tidy,76.34900838495155,7,8336,
910,Double fclose,clang-tidy,23.64861364960693,5,7753,
628,Illegal whence argument,clang-tidy,61.871756353112296,9,4192,
476,NULL stream pointer,clang-tidy,43.08590138415974,3,3561,
19,Tainted data,clang-tidy,70.21871640651038,2,4900,
369,Division by zero,clang-tidy,60.74120397788675,2,2167,
465,Branch condition evaluates to a garbage value,clang-tidy,71.80951153607053,1,8518,
824,uninitialized variable captured by block,clang-tidy,90.86485940072247,5,993,
465,Result of operation is garbage or undefined,clang-tidy,85.1756222402222,6,733,
824,Array subscript is undefined,clang-tidy,67.13725567273137,10,5488,
561,Unreachable code,clang-tidy,80.67228445273079,1,5331,
789,Dangerous variable-length array (VLA) declaration,clang-tidy,42.10685132615824,8,4213,
401,Leaked va_list,clang-tidy,64.8695542813883,3,4990,
824,Uninitialized va_list,clang-tidy,93.35068526500915,8,873,
399,Dangerous construct in a vforked process,clang-tidy,24.18489480445576,6,6284,
,ALLOCATION_COMPLEXITY_INCREASE,Infer,83.5908796920933,1,6867,
,ALLOCATION_COMPLEXITY_INCREASE_COLD_START,Infer,57.146246204508124,2,9203,
,ANALYSIS_STOPS,Infer,55.64530822889774,8,2761,
,ARRAY_OUT_OF_BOUNDS_L1,Infer,92.22574137484636,9,4711,
,ARRAY_OUT_OF_BOUNDS_L2,Infer,19.169993045614518,6,3868,
,ARRAY_OUT_OF_BOUNDS_L3,Infer,97.18552190862141,10,4906,
,Abduction_case_not_implemented,Infer,65.6869031503531,8,7800,
,Array_of_pointsto,Infer,73.96001059913063,9,4021,
,Assert_failure,Infer,7.003584571115717,1,2606,
121,BUFFER_OVERRUN_L1,Infer,1.0282403324982092,2,889,
121,BUFFER_OVERRUN_L2,Infer,71.9765435913822,8,6659,
121,BUFFER_OVERRUN_L3,Infer,15.75982445648867,5,9751,
121,BUFFER_OVERRUN_L4,Infer,61.99272599179502,9,3519,
121,BUFFER_OVERRUN_L5,Infer,9.38230877548224,9,6591,
121,BUFFER_OVERRUN_R2,Infer,80.79869194102088,7,9257,
121,BUFFER_OVERRUN_S2,Infer,78.27162014769729,6,9519,
121,BUFFER_OVERRUN_U5,Infer,15.407688346101123,1,5812,
,Bad_footprint,Infer,91.59319509323124,4,1169,
,CHECKERS_ALLOCATES_MEMORY,Infer,33.30044900618163,10,6587,
,CHECKERS_ANNOTATION_REACHABILITY_ERROR,Infer,89.9979367814381,10,8371,
,CHECKERS_CALLS_EXPENSIVE_METHOD,Infer,35.61777889371014,2,6431,
,CHECKERS_EXPENSIVE_OVERRIDES_UNANNOTATED,Infer,52.45293486230565,1,464,
,CHECKERS_FRAGMENT_RETAINS_VIEW,Infer,55.06257471066658,6,8920,
704,CHECKERS_IMMUTABLE_CAST,Infer,2.339379465665792,9,1861,
628,CHECKERS_PRINTF_ARGS,Infer,20.289573463339373,1,339,
704,CLASS_CAST_EXCEPTION,Infer,91.38080205830144,3,6794,
,CLASS_LOAD,Infer,75.05861049742295,1,8166,
1077,COMPARING_FLOAT_FOR_EQUALITY,Infer,89.89797024779709,4,8729,
,COMPONENT_FACTORY_FUNCTION,Infer,1.192596140919322,9,5962,
,COMPONENT_FILE_CYCLOMATIC_COMPLEXITY,Infer,37.647048188539344,5,8190,
,COMPONENT_FILE_LINE_COUNT,Infer,61.93524533713378,2,7232,
,COMPONENT_INITIALIZER_WITH_SIDE_EFFECTS,Infer,1.595770966378529,1,6606,
,COMPONENT_WITH_MULTIPLE_FACTORY_METHODS,Infer,65.51796336377573,8,759,
,COMPONENT_WITH_UNCONVENTIONAL_SUPERCLASS,Infer,72.66018105695193,7,7378,
570,CONDITION_ALWAYS_FALSE,Infer,16.653699831500347,10,5715,
571,CONDITION_ALWAYS_TRUE,Infer,40.30845539038395,1,7548,
,CREATE_INTENT_FROM_URI,Infer,24.002619684387096,2,4782,
79,CROSS_SITE_SCRIPTING,Infer,48.86010712695362,8,2932,
,Cannot_star,Infer,53.98903522449542,5,4972,
,Codequery,Infer,18.130654375690636,3,3203,
825,DANGLING_POINTER_DEREFERENCE,Infer,83.53656927450048,3,2941,
833,DEADLOCK,Infer,75.96449227238001,1,8578,
563,DEAD_STORE,Infer,90.0200424202151,6,9114,
590,DEALLOCATE_STACK_VARIABLE,Infer,33.9079211317342,2,1334,
590,DEALLOCATE_STATIC_MEMORY,Infer,70.52822754025566,4,2076,
,DEALLOCATION_MISMATCH,Infer,1.3599629607163655,3,9719,
369,DIVIDE_BY_ZERO,Infer,22.35552399884967,4,2315,
,DO_NOT_REPORT,Infer,42.55541752436176,1,734,
,EMPTY_VECTOR_ACCESS,Infer,76.27773548639738,2,8087,
1041,ERADICATE_CONDITION_REDUNDANT,Infer,99.6974430118308,10,1062,
,ERADICATE_CONDITION_REDUNDANT_NONNULL,Infer,17.65500896456419,8,5276,
456,ERADICATE_FIELD_NOT_INITIALIZED,Infer,23.373881624176885,2,9099,
,ERADICATE_FIELD_NOT_MUTABLE,Infer,50.17533370384216,1,7625,
,ERADICATE_FIELD_NOT_NULLABLE,Infer,43.13775739372937,10,1206,
,ERADICATE_FIELD_OVER_ANNOTATED,Infer,65.82230826834588,8,4190,
,ERADICATE_FIELD_VALUE_ABSENT,Infer,62.26135312394692,6,8580,
,ERADICATE_INCONSISTENT_SUBCLASS_PARAMETER_ANNOTATION,Infer,51.431094597188796,7,2836,
,ERADICATE_INCONSISTENT_SUBCLASS_RETURN_ANNOTATION,Infer,25.818857362681648,8,7142,
,ERADICATE_NULLABLE_DEREFERENCE,Infer,63.938388501322876,6,5102,
,ERADICATE_PARAMETER_NOT_NULLABLE,Infer,29.135620263654904,9,3784,
,ERADICATE_PARAMETER_VALUE_ABSENT,Infer,30.9253217571287,1,8949,
,ERADICATE_RETURN_NOT_NULLABLE,Infer,80.99352443353396,4,8558,
,ERADICATE_RETURN_OVER_ANNOTATED,Infer,16.968250497860193,8,9327,
,ERADICATE_RETURN_VALUE_NOT_PRESENT,Infer,36.51060778897674,3,9515,
,ERADICATE_VALUE_NOT_PRESENT,Infer,44.689845223645484,1,8920,
,EXECUTION_TIME_COMPLEXITY_INCREASE,Infer,63.96420573689214,10,2922,
,EXECUTION_TIME_COMPLEXITY_INCREASE_COLD_START,Infer,45.368787028501956,4,7215,
,EXPENSIVE_ALLOCATION,Infer,96.71056982550613,7,2648,
,EXPENSIVE_ALLOCATION_COLD_START,Infer,95.19207687686807,7,1103,
,EXPENSIVE_EXECUTION_TIME,Infer,3.3987536092132897,4,3898,
,EXPENSIVE_EXECUTION_TIME_COLD_START,Infer,9.427784905311299,2,925,
,EXPENSIVE_LOOP_INVARIANT_CALL,Infer,69.59138211878584,1,8154,
,EXPOSED_INSECURE_INTENT_HANDLING,Infer,97.01229704989841,7,4039,
,Failure_exe,Infer,75.5150152420364,5,6439,
,GLOBAL_VARIABLE_INITIALIZED_WITH_FUNCTION_OR_METHOD_CALL,Infer,51.153436462585645,10,3454,
,GRAPHQL_FIELD_ACCESS,Infer,61.28379497250954,2,8105,
,GUARDEDBY_VIOLATION,Infer,46.359071150463784,4,8392,
,INEFFICIENT_KEYSET_ITERATOR,Infer,96.0773673953767,9,7559,
789,INFERBO_ALLOC_IS_BIG,Infer,19.851093128954965,6,49,
789,INFERBO_ALLOC_IS_NEGATIVE,Infer,13.931801023361567,1,9918,
789,INFERBO_ALLOC_IS_ZERO,Infer,34.32197882109135,3,260,
789,INFERBO_ALLOC_MAY_BE_BIG,Infer,84.40159780027433,5,6207,
789,INFERBO_ALLOC_MAY_BE_NEGATIVE,Infer,29.969055517565867,4,2867,
789,INFINITE_ALLOCATION,Infer,43.355836052132936,2,5079,
,INFINITE_EXECUTION_TIME,Infer,79.7584611877408,7,8186,
,INHERENTLY_DANGEROUS_FUNCTION,Infer,39.12949063163198,7,7209,
,INSECURE_INTENT_HANDLING,Infer,64.95773018626753,8,4664,
190,INTEGER_OVERFLOW_L1,Infer,39.33315685292753,9,9058,
190,INTEGER_OVERFLOW_L2,Infer,70.04260306099847,4,5838,
190,INTEGER_OVERFLOW_L5,Infer,75.15994325946787,7,3416,
190,INTEGER_OVERFLOW_R2,Infer,26.458799603048575,4,7457,
190,INTEGER_OVERFLOW_U5,Infer,76.82212248319018,7,226,
,INTERFACE_NOT_THREAD_SAFE,Infer,92.98994855491345,6,6230,
,INVARIANT_CALL,Infer,27.21034478654053,6,9229,
,IVAR_NOT_NULL_CHECKED,Infer,33.564743155067575,5,6601,
,Internal_error,Infer,14.346556320456905,7,4722,
,JAVASCRIPT_INJECTION,Infer,5.213649529322851,7,248,
,LOCK_CONSISTENCY_VIOLATION,Infer,67.14966208922225,1,8621,
,LOGGING_PRIVATE_DATA,Infer,81.48754487401253,10,7287,
,Leak_after_array_abstraction,Infer,18.16926033621199,10,8110,
,Leak_in_footprint,Infer,30.25842313230287,4,5127,
401,MEMORY_LEAK,Infer,67.17790490052394,8,7078,
,MISSING_REQUIRED_PROP,Infer,94.3161388732858,10,4525,
,MUTABLE_LOCAL_VARIABLE_IN_COMPONENT_FILE,Infer,77.6898852573852,10,9810,
,Missing_fld,Infer,4.827193675424057,10,4703,
,NULLSAFE_FIELD_NOT_NULLABLE,Infer,54.23197932406673,3,4039,
,NULLSAFE_NULLABLE_DEREFERENCE,Infer,46.60243006323288,8,4767,
476,NULL_DEREFERENCE,Infer,20.68264993235963,9,9779,
,NULL_TEST_AFTER_DEREFERENCE,Infer,23.873743840379912,9,2094,
,PARAMETER_NOT_NULL_CHECKED,Infer,85.00257721860723,1,3367,
,POINTER_SIZE_MISMATCH,Infer,41.36169670369302,10,8695,
,PRECONDITION_NOT_FOUND,Infer,85.04648684117768,4,1226,
,PRECONDITION_NOT_MET,Infer,92.73752691270136,3,336,
,PREMATURE_NIL_TERMINATION_ARGUMENT,Infer,2.495036319198929,6,3859,
,PURE_FUNCTION,Infer,65.1675419277234,7,8545,
,QUANDARY_TAINT_ERROR,Infer,11.131606322459186,6,6235,
,REGISTERED_OBSERVER_BEING_DEALLOCATED,Infer,49.331576594845814,10,9654,
402,RESOURCE_LEAK,Infer,57.655564842356355,3,5039,
,RETAIN_CYCLE,Infer,20.795430844894735,6,8458,
,RETURN_EXPRESSION_REQUIRED,Infer,96.43586339487469,9,194,
,RETURN_STATEMENT_MISSING,Infer,63.762488800466436,10,1253,
252,RETURN_VALUE_IGNORED,Infer,29.476589175199752,9,9366,
78,SHELL_INJECTION,Infer,24.57623375439453,1,4135,
78,SHELL_INJECTION_RISK,Infer,65.67123147905174,10,261,
,SKIP_FUNCTION,Infer,74.15975080468502,4,9167,
,SKIP_POINTER_DEREFERENCE,Infer,37.064708095795396,8,1881,
89,SQL_INJECTION,Infer,19.03122351634251,5,4655,
89,SQL_INJECTION_RISK,Infer,57.94975821264949,6,6985,
562,STACK_VARIABLE_ADDRESS_ESCAPE,Infer,44.944257978172644,7,8409,
,STARVATION,Infer,25.24814168823555,10,8507,
,STATIC_INITIALIZATION_ORDER_FIASCO,Infer,52.57930828485298,8,4165,
,STRICT_MODE_VIOLATION,Infer,86.23567634935267,7,2697,
,Symexec_memory_error,Infer,7.377706634890179,3,5716,
,TAINTED_BUFFER_ACCESS,Infer,56.7995165568374,3,2497,
789,TAINTED_MEMORY_ALLOCATION,Infer,97.74192516288586,9,9241,
362,THREAD_SAFETY_VIOLATION,Infer,86.98843076618064,6,5744,
,TOPL_ERROR,Infer,0.3857188364921438,10,6286,
,UNARY_MINUS_APPLIED_TO_UNSIGNED_EXPRESSION,Infer,27.08481623855492,4,256,
457,UNINITIALIZED_VALUE,Infer,80.43466213757864,3,1957,
561,UNREACHABLE_CODE,Infer,55.40147214484106,1,1230,
,UNSAFE_GUARDED_BY_ACCESS,Infer,0.571861495958792,9,2904,
,UNTRUSTED_BUFFER_ACCESS,Infer,45.75780830665593,8,2459,
502,UNTRUSTED_DESERIALIZATION,Infer,53.28653917974402,5,7483,
,UNTRUSTED_DESERIALIZATION_RISK,Infer,41.30206147682565,6,8628,
,UNTRUSTED_ENVIRONMENT_CHANGE_RISK,Infer,1.3554249940167407,4,9026,
,UNTRUSTED_FILE,Infer,63.85894141912081,4,6107,
,UNTRUSTED_FILE_RISK,Infer,43.67933708044105,1,5963,
789,UNTRUSTED_HEAP_ALLOCATION,Infer,68.22653089507101,8,5737,
,UNTRUSTED_INTENT_CREATION,Infer,1.4436796701314591,8,4608,
,UNTRUSTED_URL_RISK,Infer,41.319276475642674,8,916,
,UNTRUSTED_VARIABLE_LENGTH_ARRAY,Infer,74.97103535139718,5,9765,
,USER_CONTROLLED_SQL_RISK,Infer,47.528544410013055,3,1688,
416,USE_AFTER_DELETE,Infer,21.492317932967687,4,8600,
416,USE_AFTER_FREE,Infer,29.386663113893587,6,3392,
666,USE_AFTER_LIFETIME,Infer,80.3927635222885,1,9081,
,Unknown_proc,Infer,31.450138648334335,6,7261,
,VECTOR_INVALIDATION,Infer,64.6471663622095,10,8083,
685,Wrong_argument_number,Infer,35.92535375467342,7,8683,
,ZERO_ALLOCATION,Infer,74.37325239928575,3,6941,
,ZERO_EXECUTION_TIME,Infer,53.454881914236,8,4349,
571,There are identical sub-expressions to the left and to the right of the 'foo' operator.,PVS-Studio,34.47054974339853,2,1983,
783,Perhaps the '?:' operator works in a different way than it was expected. The '?:' operator has a lower priority than the 'foo' operator.,PVS-Studio,43.56167221277666,4,8591,
697,This is a nonsensical comparison: pointer < 0.,PVS-Studio,14.695288888676572,4,3424,
841,It is highly probable that the semicolon ';' is missing after 'return' keyword.,PVS-Studio,67.58394968619972,10,7722,
770,The 'alloca' function is used inside the loop. This can quickly overflow stack.,PVS-Studio,30.295779413762492,1,36,
562,Pointer to local variable 'X' is stored outside the scope of this variable. Such a pointer will become invalid.,PVS-Studio,69.21196722052363,4,9338,
562,Pointer to local array 'X' is stored outside the scope of this array. Such a pointer will become invalid.,PVS-Studio,3.7653806270714685,4,294,
480,The use of 'new type(n)' pattern was detected. Probably meant: 'new type[n]'.,PVS-Studio,19.38633111038107,10,2809,
703,Exceptions that were raised inside noexcept functions must be wrapped in a try..catch block.,PVS-Studio,15.341412190339154,6,7022,
686,The 'Foo' function is not expected to receive class-type variable as 'N' actual argument.,PVS-Studio,91.33650822892584,1,8330,
467,"The sizeof() operator returns size of the pointer, and not of the array, in given expression.",PVS-Studio,5.95921288467991,4,1480,
119,A call of the 'Foo' function will lead to a buffer overflow or underflow.,PVS-Studio,32.72210416858997,5,7786,
676,Use _beginthreadex/_endthreadex functions instead of CreateThread/ExitThread functions.,PVS-Studio,61.45224035740174,4,7958,
131,Dividing sizeof a pointer by another value. There is a probability of logical error presence.,PVS-Studio,73.59766413272527,7,1088,
763,The 'delete' operator is applied to non-pointer.,PVS-Studio,17.9393960933959,5,8095,
571,Consider inspecting an odd expression. Non-null function pointer is compared to null.,PVS-Studio,2.132302020505761,10,3121,
570,The use of 'if (A) {...} else if (A) {...}' pattern was detected. There is a probability of logical error presence.,PVS-Studio,17.33127112704246,4,7143,
131,The 'malloc' function allocates strange amount of memory calculated by 'strlen(expr)'. Perhaps the correct variant is strlen(expr) + 1.,PVS-Studio,97.68351248124776,1,4730,
563,The 'x' variable is assigned values twice successively. Perhaps this is a mistake.,PVS-Studio,47.568973767145216,6,4788,
480,"The comma operator ',' in array index expression.",PVS-Studio,23.70246524241916,8,2668,
480,"Such expressions using the ',' operator are dangerous. Make sure the expression is correct.",PVS-Studio,5.4299449197681255,8,4217,
690,Dereferencing of the null pointer might take place.,PVS-Studio,77.4324191669961,9,4547,
691,The 'then' statement is equivalent to the 'else' statement.,PVS-Studio,32.5686882929815,2,3027,
682,"The code contains the collection of similar blocks. Check items X, Y, Z, ... in lines N1, N2, N3, ...",PVS-Studio,61.887002668771295,4,7765,
253,The 'strcmp' function returns 0 if corresponding strings are equal. Consider examining the condition for mistakes.,PVS-Studio,64.63238391431244,2,4882,
351,It is odd that the 'zero' value is assigned to pointer. Probably meant: *ptr = zero.,PVS-Studio,69.07760996189161,9,6209,
697,It is odd that pointer is compared with the 'zero' value. Probably meant: *ptr != zero.,PVS-Studio,2.6946786168201564,4,7058,
670,Odd semicolon ';' after 'if/for/while' operator.,PVS-Studio,68.07629097292501,4,1224,
252,The return value of function 'Foo' is required to be utilized.,PVS-Studio,11.609971243451533,7,3464,
131,It is odd that a sizeof() operator is multiplied by sizeof().,PVS-Studio,73.26351149534017,3,4200,
480,Consider inspecting the statement of '*pointer++' pattern. Probably meant: '(*pointer)++'.,PVS-Studio,98.72275020563927,10,4971,
691,It is likely that a wrong variable is being incremented inside the 'for' operator. Consider reviewing 'X'.,PVS-Studio,97.57717871498353,8,892,
691,It is likely that a wrong variable is being compared inside the 'for' operator. Consider reviewing 'X'.,PVS-Studio,41.57599883534028,7,3793,
691,The variable 'X' is being used for this loop and for the outer loop.,PVS-Studio,43.85532095273843,8,957,
682,Be advised that the utilized constant value is represented by an octal form.,PVS-Studio,2.5214678855364214,7,9582,
682,Consider reviewing the correctness of 'X' item's usage.,PVS-Studio,2.1547318764164602,5,4299,
688,Consider inspecting iterators which are being passed as arguments to function 'Foo'.,PVS-Studio,86.68734662464874,2,5928,
628,Member 'x' should point to string terminated by two 0 characters.,PVS-Studio,58.736221152654785,2,1607,
628,It is dangerous to print a string into itself.,PVS-Studio,46.926350759533065,1,7978,
704,Consider inspecting an odd type cast: 'Type1' to ' Type2'.,PVS-Studio,8.168439606608457,4,8718,
704,It is odd that value 'X' is assigned to the variable 'Y' of HRESULT type.,PVS-Studio,67.26133809718164,1,5746,
253,It is odd that the value 'X' of HRESULT type is compared with 'Y'.,PVS-Studio,37.82279269258835,2,6305,
253,Such conditional expression of 'if' statement is incorrect for the HRESULT type value 'Foo'. The SUCCEEDED or FAILED macro should be used instead.,PVS-Studio,82.21785113653102,8,9730,
665,Member of a class is initialized with itself: 'Foo(Foo)'.,PVS-Studio,14.577388645789336,5,8247,
571,Expression is always true/false.,PVS-Studio,29.618249736640966,6,8187,
704,Consider reviewing type casting. TYPE X[][] is not equivalent to TYPE **X.,PVS-Studio,90.76191598464831,7,6217,
688,The 'first' argument of 'Foo' function is equal to the 'second' argument.,PVS-Studio,14.011276821337393,2,5054,
682,An odd precise comparison. It's probably better to use a comparison with defined precision: fabs(A - B) < Epsilon or fabs(A - B) > Epsilon.,PVS-Studio,83.78310155749867,4,9145,
561,The code under this 'case' label is unreachable.,PVS-Studio,54.960374202686104,5,7802,
480,A bool type variable is being incremented. Perhaps another variable should be incremented instead.,PVS-Studio,1.5663251868526573,1,8285,
762,Incorrect use of smart pointer.,PVS-Studio,52.960068339534146,9,8489,
191,The expression of the 'A - B > 0' kind will work as 'A != B'.,PVS-Studio,65.33342223787915,2,5610,
697,The values of different enum types are compared.,PVS-Studio,88.66619982541326,8,679,
787,Array overrun is possible.,PVS-Studio,34.9829014484729,2,6358,
562,Function returns the pointer/reference to temporary local object.,PVS-Studio,45.24591197793871,10,4329,
481,Suspicious assignment inside the conditional expression of 'if/while/for' statement.,PVS-Studio,12.627160221592405,1,8574,
571,A part of conditional expression is always true/false.,PVS-Studio,71.70638716049562,5,3828,
563,It's probably better to assign value to 'foo' variable than to declare it anew.,PVS-Studio,53.72026172430993,3,3337,
563,It's odd to compare a bool type value with a value of N.,PVS-Studio,36.38034512988876,2,8678,
670,It is possible that this 'else' branch must apply to the previous 'if' statement.,PVS-Studio,63.76248397242672,2,7665,
480,The '&' or '|' operator is applied to bool type value. You've probably forgotten to include parentheses or intended to use the '&&' or '||' operator.,PVS-Studio,58.4421902551421,10,5644,
544,An empty exception handler. Silent suppression of exceptions can hide the presence of bugs in source code during testing.,PVS-Studio,41.661296514163126,9,476,
587,The integer constant is converted to pointer. Possibly an error or a bad coding style.,PVS-Studio,29.903132889393603,5,2310,
758,The modification of a variable is unsequenced relative to another operation on the same variable. This may lead to undefined behavior.,PVS-Studio,22.899040571503605,2,7337,
131,It's odd that the argument of sizeof() operator is the expression.,PVS-Studio,90.55002873061913,7,4896,
197,Truncation of constant value.,PVS-Studio,21.46529209305935,8,5339,
480,The variable is assigned to itself.,PVS-Studio,81.286355593848,3,473,
571,Recurring check. This condition was already verified in previous line.,PVS-Studio,14.578058109483083,4,1050,
665,It is odd that the object which was created using 'new' operator is immediately cast to another type.,PVS-Studio,71.1819373710938,4,1473,
457,Uninitialized variable 'Foo' was used. The variable was used to initialize itself.,PVS-Studio,95.05038400244551,8,3237,
823,The pointer is used simultaneously as an array and as a pointer to single object.,PVS-Studio,10.47634734690005,4,662,
628,Function receives an odd argument.,PVS-Studio,38.0354546947139,5,6388,
686,Incorrect format. Consider checking the N actual argument of the 'Foo' function.,PVS-Studio,76.91698910005255,8,5648,
478,Label is present inside a switch(). It is possible that these are misprints and 'default:' operator should be used instead.,PVS-Studio,11.113936818168657,2,9964,
480,An odd bitwise operation detected. Consider verifying it.,PVS-Studio,5.627838103315086,4,200,
467,The 'Foo' function receives the pointer and its size as arguments. It is possibly a mistake. Inspect the N argument.,PVS-Studio,31.372612007455857,10,4029,
843,An odd explicit type casting. Consider verifying it.,PVS-Studio,25.873695918746307,8,1387,
670,The conditional expressions of the 'if' statements situated alongside each other are identical.,PVS-Studio,89.74015810898514,2,4905,
787,Consider reviewing the source code which operates the container.,PVS-Studio,88.41626351572451,5,8260,
783,"The '?:' operator, regardless of its conditional expression, always returns one and the same value.",PVS-Studio,60.762535868563326,3,1031,
480,The same value is present on both sides of the operator. The expression is incorrect or it can be simplified.,PVS-Studio,47.14265027985347,1,4029,
762,An attempt to release the memory in which the 'Foo' local variable is stored.,PVS-Studio,95.37331102940907,9,3633,
415,The 'Foo' function is called twice for deallocation of the same resource.,PVS-Studio,55.64462034779098,7,9914,
480,"The expression of the 'A =+ B' kind is utilized. Consider reviewing it, as it is possible that 'A += B' was meant.",PVS-Studio,23.77942636177518,10,7174,
480,"The expression of the 'A =- B' kind is utilized. Consider reviewing it, as it is possible that 'A -= B' was meant.",PVS-Studio,77.67694989743852,4,793,
571,Consider inspecting this expression. The expression is excessive or contains a misprint.,PVS-Studio,10.661726866388033,2,8157,
393,Non-void function should return a value.,PVS-Studio,25.309016789604478,3,2507,
783,Consider reviewing the expression of the 'A = B == C' kind. The expression is calculated as following: 'A = (B == C)'.,PVS-Studio,44.02828119543831,3,1507,
823,The pointer steps out of array's bounds.,PVS-Studio,35.73287347038258,1,7877,
476,"The pointer was utilized before it was verified against nullptr. Check lines: N1, N2.",PVS-Studio,38.174956466161426,3,6226,
390,The object was created but it is not being used. The 'throw' keyword could be missing.,PVS-Studio,64.40736371764118,9,1747,
14,"The compiler could delete the 'memset' function call, which is used to flush 'Foo' buffer. The RtlSecureZeroMemory() function should be used to erase the private data.",PVS-Studio,26.288076027167328,8,6822,
665,The 'memset/memcpy' function is used to nullify/copy the fields of 'Foo' class. Virtual table pointer will be damaged by this.,PVS-Studio,97.54113602589693,10,5095,
1079,"The virtual destructor is not present, although the 'Foo' class contains virtual functions.",PVS-Studio,10.43260034218556,1,4179,
571,Consider inspecting the condition. The 'Foo' pointer is always not equal to NULL.,PVS-Studio,92.0581406282554,5,720,
704,An odd implicit type casting.,PVS-Studio,69.43671508538654,8,9955,
480,Consider inspecting this expression. '<' possibly should be replaced with '<<'.,PVS-Studio,18.242742417252234,2,1262,
665,"The object was created but it is not being used. If you wish to call constructor, 'this->Foo::Foo(....)' should be used.",PVS-Studio,86.40231510195223,5,9599,
682,It is odd that the number of iterations in the loop equals to the size of the pointer.,PVS-Studio,34.85916483508146,2,4796,
682,Consider verifying the expression. An unsigned value is compared to the number - NN.,PVS-Studio,24.54557924841687,2,7306,
482,Ownerless expression 'Foo'.,PVS-Studio,67.71416474362564,8,8507,
704,Recurring sequence of explicit type casts.,PVS-Studio,3.812625465442554,8,8516,
369,Divide or mod by zero.,PVS-Studio,72.53669179312331,3,2818,
758,Undefined behavior. Check the shift operator.,PVS-Studio,32.34253771527522,10,299,
590,The memory allocation and deallocation methods are incompatible.,PVS-Studio,10.508793206624766,6,6136,
670,An unconditional 'break/continue/return/goto' within a loop.,PVS-Studio,60.36068782399233,8,7152,
761,Strange pointer arithmetic with 'malloc/new'.,PVS-Studio,74.19154692432032,8,4628,
824,Uninitialized variable 'Foo' used.,PVS-Studio,36.59102266531127,9,4066,
704,An odd explicit conversion from 'float *' type to 'double *' type.,PVS-Studio,50.28300015599181,7,1696,
480,The 'Foo' named constant with the value of 0 is used in the bitwise operation.,PVS-Studio,96.95395579375423,1,5456,
480,Consider inspecting the condition. An argument of the '|' bitwise operation always contains a non-zero value.,PVS-Studio,35.38169522645184,3,1658,
134,"It's dangerous to call the 'Foo' function in such a manner, as the line being passed could contain format specification. The example of the safe code: printf(""%s"", str);",PVS-Studio,34.8677107605335,3,1394,
480,An array is being utilized as a pointer to single object.,PVS-Studio,20.128292297117156,1,6681,
682,It's unusual that the expression of sizeof(T)*N kind is being summed with the pointer to T type.,PVS-Studio,96.02142167411675,8,5169,
835,Consider inspecting the 'for' operator. It's possible that the loop will be executed incorrectly or won't be executed at all.,PVS-Studio,87.1684882460327,1,2561,
478,Consider inspecting the 'switch' statement. It's possible that the first 'case' operator is missing.,PVS-Studio,46.28029668471394,3,89,
416,Consider inspecting the '?:' operator. A temporary object is being created and subsequently destroyed.,PVS-Studio,49.91147598062143,2,9750,
547,The constant NN is being utilized. The resulting value could be inaccurate. Consider using the M_NN constant from <math.h>.,PVS-Studio,96.2473110002284,4,4901,
691,Consider inspecting the 'for' operator. Initial and final values of the iterator are the same.,PVS-Studio,68.99501259027218,3,1583,
483,"Consider checking for misprints. It's possible that ',' should be replaced by ';'.",PVS-Studio,70.53200995399827,8,537,
682,Consider inspecting the expression. The argument of sizeof() is the macro which expands to a number.,PVS-Studio,68.97980747030186,7,8495,
670,"It's possible that the line was commented out improperly, thus altering the program's operation logics.",PVS-Studio,90.10610373528111,8,4356,
190,Consider inspecting the expression. Bit shifting of the 32-bit value with a subsequent expansion to the 64-bit type.,PVS-Studio,29.86260852395073,5,7606,
665,The 'malloc' function is used to allocate memory for an array of objects which are classes containing constructors/destructors.,PVS-Studio,50.17337518362732,7,9856,
30,Consider inspecting the 'Foo' function call. Defining an absolute path to the file or directory is considered a poor style.,PVS-Studio,37.04458728679507,9,3627,
686,Consider inspecting the NN argument of the 'Foo' function. It is odd that the argument is of the 'T' type.,PVS-Studio,50.45155649805702,8,6589,
480,Consider inspecting the expression. Probably the '!=' should be used here.,PVS-Studio,85.6956274729513,9,3466,
783,The priority of the '+' operation is higher than that of the '<<' operation. It's possible that parentheses should be used in the expression.,PVS-Studio,93.55303632365018,1,3657,
135,Consider inspecting the expression. The length should probably be multiplied by the sizeof(wchar_t).,PVS-Studio,76.82042815895086,8,6700,
682,The expression was implicitly cast from integer type to real type. Consider utilizing an explicit type cast to avoid overflow or loss of a fractional part.,PVS-Studio,65.87417342934914,3,5179,
570,Two opposite conditions were encountered. The second condition is always false.,PVS-Studio,18.056400403324304,6,440,
665,A terminal null is present inside a string. The '\0xNN' characters were encountered. Probably meant: '\xNN'.,PVS-Studio,77.93905377345978,2,3905,
685,Consider inspecting the expression for function call. It is possible that one of the closing ')' parentheses was positioned incorrectly.,PVS-Studio,65.24808552799534,3,4807,
483,The code's operational logic does not correspond with its formatting.,PVS-Studio,50.12436768801195,4,2438,
704,The buffer size is not a multiple of the element size.,PVS-Studio,31.907992517734453,9,2408,
197,Saving the function result inside the 'byte' type variable is inappropriate. The significant bits could be lost breaking the program's logic.,PVS-Studio,82.79348314496589,1,1869,
480,Unusual pointer arithmetic. The value of the 'char' type is being added to the string pointer.,PVS-Studio,25.781260109557834,1,2119,
664,A suspicious function declaration. It is possible that the T type object was meant to be created.,PVS-Studio,30.25978700850891,5,7206,
193,"The function call could lead to the buffer overflow. The bounds should not contain the size of the buffer, but a number of characters it can hold.",PVS-Studio,71.4478194157,9,952,
670,Consider inspecting the application's logic. It's possible that 'else' keyword is missing.,PVS-Studio,71.99251414543546,9,5470,
587,The value of 'A' type is assigned to the pointer of 'B' type.,PVS-Studio,35.92123921617416,1,9660,
783,Priority of the '&&' operation is higher than that of the '||' operation.,PVS-Studio,55.92229905918962,7,8922,
561,There are two 'if' statements with identical conditional expressions. The first 'if' statement contains function return. This means that the second 'if' statement is senseless.,PVS-Studio,76.89116977842897,5,3339,
468,"Type casting operation is utilized 2 times in succession. Next, the '+' operation is executed. Probably meant: (T1)((T2)a + b).",PVS-Studio,87.53874283530673,5,5797,
682,"An odd operation of the 'sizeof(X)/sizeof(T)' kind is performed, where 'X' is of the 'class' type.",PVS-Studio,27.323079548541806,9,7164,
480,The operation is executed 3 or more times in succession.,PVS-Studio,46.80800979380475,3,1987,
665,A suspicious string consisting of two parts is used for the initialization. It is possible that a comma is missing.,PVS-Studio,24.411181811429582,5,8575,
834,The condition of loop is always true/false.,PVS-Studio,38.64129372109404,9,8429,
480,The strings were concatenated but are not utilized. Consider inspecting the expression.,PVS-Studio,4.454326122200203,6,5208,
665,Variables are initialized through the call to the same function. It's probably an error or un-optimized code.,PVS-Studio,2.897327576634101,10,2070,
393,It's odd that this function always returns one and the same value of NN.,PVS-Studio,76.32996244865578,1,4809,
190,"A value is being subtracted from the unsigned variable. This can result in an overflow. In such a case, the comparison operation can potentially behave unexpectedly.",PVS-Studio,35.75189577125204,9,4818,
480,The program contains an unused label and a function call: 'CC:AA()'. It's possible that the following was intended: 'CC::AA()'.,PVS-Studio,2.1442408925802625,2,7895,
758,Consider inspecting the loop expression. Different containers are utilized for setting up initial and final values of the iterator.,PVS-Studio,21.507584416273396,4,9263,
834,Infinite loop is possible. The 'cin.eof()' condition is insufficient to break from the loop. Consider adding the 'cin.fail()' function call to the conditional expression.,PVS-Studio,22.334085232539856,5,2163,
476,The pointer is being dereferenced on the initialization list before it is verified against null inside the body of the constructor function.,PVS-Studio,44.77803292856426,7,7960,
805,Consider inspecting NN argument of the function 'Foo'. It is possible that the value does not correspond with the length of a string which was passed with the YY argument.,PVS-Studio,46.60674705132075,5,1767,
480,The 'throw' operator does not possess any arguments and is not situated within the 'catch' block.,PVS-Studio,7.069589246188023,10,9036,
571,"There is no sense in testing the pointer against null, as the memory was allocated using the 'new' operator. The exception will be generated in the case of memory allocation error.",PVS-Studio,54.600650203783815,4,8861,
457,An uninitialized class member is used to initialize another member. Remember that members are initialized in the order of their declarations inside a class.,PVS-Studio,32.17771987220425,9,6934,
687,It is possible that the 'swap' function interchanges a variable with itself.,PVS-Studio,49.419925857097425,6,2746,
190,"More than N bits are required to store the value, but the expression evaluates to the T type which can only hold K bits.",PVS-Studio,57.91402044098199,7,1185,
682,The expression contains a suspicious mix of integer and real types.,PVS-Studio,46.63929771261054,4,7564,
253,It is incorrect to compare the variable of BOOL type with TRUE.,PVS-Studio,39.92898784175608,9,985,
688,An object is used as an argument to its own method. Consider checking the first actual argument of the 'Foo' function.,PVS-Studio,78.4830415162947,8,7738,
457,The 'X' variable was not initialized. This variable is passed by a reference to the 'Foo' function in which its value will be utilized.,PVS-Studio,6.166127357392693,5,579,
401,"The 'delete A, B' expression only destroys the 'A' object. Then the ',' operator returns a resulting value from the right side of the expression.",PVS-Studio,57.142284231831106,5,7211,
758,The language standard does not define an order in which the 'Foo' functions will be called during evaluation of arguments.,PVS-Studio,18.38985146283164,2,7097,
190,Consider inspecting the loop expression. It is possible that the 'i' variable should be incremented instead of the 'n' variable.,PVS-Studio,93.97527637301845,2,4204,
682,A value of variable is not modified. Consider inspecting the expression. It is possible that '1' should be present instead of '0'.,PVS-Studio,28.13373022347231,5,4182,
480,Consider inspecting the return statement. The expression contains a comma.,PVS-Studio,74.17933131570888,7,6720,
571,A pattern was detected: A || (A && ...). The expression is excessive or contains a logical error.,PVS-Studio,33.31824718396692,6,2657,
682,Size of an array calculated by the sizeof() operator was added to a pointer. It is possible that the number of elements should be calculated by sizeof(A)/sizeof(A[0]).,PVS-Studio,13.439213974631969,2,2480,
404,The destructor of the 'Foo' class is not declared as a virtual. It is possible that a smart pointer will not destroy an object correctly.,PVS-Studio,45.880784199102095,2,5923,
788,"An inappropriate attempt to append a null character to a string. To determine the length of a string by 'strlen' function correctly, a string ending with a null terminator should be used in the first place.",PVS-Studio,24.653935776422387,1,3174,
835,Consider inspecting conditional expression of the loop. It is possible that 'i < X.size()' should be used instead of 'X.size()'.,PVS-Studio,85.96496754119435,3,1407,
571,The condition (ptr - const_value) is only false if the value of a pointer equals a magic constant.,PVS-Studio,89.6771685140248,1,7439,
670,Range intersections are possible within conditional expressions.,PVS-Studio,7.788559726446032,9,609,
670,The 'continue' operator will terminate 'do { ... } while (FALSE)' loop because the condition is always false.,PVS-Studio,40.516055815376305,6,9618,
682,A number of elements in the allocated array is equal to size of a pointer in bytes.,PVS-Studio,9.655685601407061,4,3370,
253,"strcmp()-like functions can return not only the values -1, 0 and 1, but any values.",PVS-Studio,53.42007535690997,10,9415,
481,Consider inspecting the 'foo = bar = baz ? .... : ....' expression. It is possible that 'foo = bar == baz ? .... : ....' should be used here instead.,PVS-Studio,64.09172837659838,2,2408,
480,Consider inspecting the 'T foo = foo = x;' expression. It is odd that variable is initialized through itself.,PVS-Studio,66.69518562622766,3,5646,
401,"realloc() possible leak: when realloc() fails in allocating memory, original pointer is lost. Consider assigning realloc() to a temporary pointer.",PVS-Studio,24.161476811404135,3,3197,
544,Classes should always be derived from std::exception (and alike) as 'public'.,PVS-Studio,93.91375914643056,10,9177,
571,The 'this == 0' comparison should be avoided - this comparison is always false on newer compilers.,PVS-Studio,94.24959934619493,7,9904,
691,"It is possible that 'else' block was forgotten or commented out, thus altering the program's operation logics.",PVS-Studio,41.275371779234284,1,9471,
682,Suspicious division: sizeof(X) / Value. Size of every element in X array does not equal to divisor.,PVS-Studio,97.90085549515534,7,768,
758,"Dangerous construction is used: 'm[x] = m.size()', where 'm' is of 'T' class. This may lead to undefined behavior.",PVS-Studio,65.85261445486172,3,2182,
682,Suspicious comparison found: 'a == b == c'. Remember that 'a == b == c' is not equal to 'a == b && b == c'.,PVS-Studio,81.14493277597431,10,410,
835,Be advised that compiler may delete this cycle or make it infinity. Use volatile variable(s) or synchronization primitives to avoid this.,PVS-Studio,63.48584491488825,8,7896,
476,The pointer was utilized in the logical expression before it was verified against nullptr in the same logical expression.,PVS-Studio,9.48380596277647,2,6278,
563,"Variable is not passed into foreach loop by a reference, but its value is changed inside of the loop.",PVS-Studio,47.97719552167301,3,115,
691,The 'while' operator has empty body. Suspicious pattern detected.,PVS-Studio,66.60121351097425,7,574,
704,Suspicious type conversion: HRESULT -> BOOL (BOOL -> HRESULT).,PVS-Studio,78.59379071223394,3,5594,
843,It is suspicious to cast object of base class V to derived class U.,PVS-Studio,90.07829530799712,4,162,
665,The VARIANT_BOOL type is utilized incorrectly. The true value (VARIANT_TRUE) is defined as -1.,PVS-Studio,47.593267617685896,1,9121,
697,An abnormality within similar comparisons. It is possible that a typo is present inside the expression.,PVS-Studio,29.34976435255898,5,8078,
416,"Function returns a pointer to the internal string buffer of a local object, which will be destroyed.",PVS-Studio,26.488050592375856,4,4762,
197,Converting integers or pointers to BOOL can lead to a loss of high-order bits. Non-zero value can become 'FALSE'.,PVS-Studio,87.11835755186327,5,2808,
704,"A dangerous cast of 'this' to 'void*' type in the 'Base' class, as it is followed by a subsequent cast to 'Class' type.",PVS-Studio,68.76086599653986,2,2743,
761,An attempt to free memory containing the 'int A[10]' array by using the 'free(A)' function.,PVS-Studio,33.429086060544236,3,9776,
783,Return value of 'wcslen' function is not multiplied by 'sizeof(wchar_t)'.,PVS-Studio,35.08827634120083,4,9761,
570,An excessive check can be simplified. The '||' operator is surrounded by opposite expressions 'x' and '!x'.,PVS-Studio,78.0800497520097,4,132,
457,Not all members of a class are initialized inside the constructor.,PVS-Studio,83.62209460818897,10,3475,
665,The variable of char type is compared with pointer to string.,PVS-Studio,86.84288535373659,6,5527,
480,Unary minus operator does not modify a bool type value.,PVS-Studio,1.5518250838600145,10,3972,
783,It is possible that macro expansion resulted in incorrect evaluation order.,PVS-Studio,12.92666496006898,7,8097,
758,The behavior is undefined for arithmetic or comparisons with pointers that do not point to members of the same array.,PVS-Studio,86.54838258949027,5,30,
665,"It is possible that ',' comma is missing at the end of the string.",PVS-Studio,37.54929737511523,5,3315,
672,Temporary anonymous object is used.,PVS-Studio,83.55516125304737,9,1911,
20,EOF should not be compared with a value of the 'char' type. Consider using the 'int' type.,PVS-Studio,96.67964587873634,3,4332,
480,"The following pattern is used: throw (a, b);. It is possible that type name was omitted: throw MyException(a, b);.",PVS-Studio,17.113780918779653,8,74,
170,Function receives an address of a 'char' type variable instead of pointer to a buffer.,PVS-Studio,46.23477486913159,2,2633,
475,The memory areas must not overlap. Use 'memmove' function.,PVS-Studio,33.698148694112874,3,6080,
664,Temporary object is immediately destroyed after being created. Consider naming the object.,PVS-Studio,18.019830809655325,4,6015,
704,A 'wchar_t *' type string is incorrectly converted to 'BSTR' type string.,PVS-Studio,53.83677769102789,1,5330,
480,An odd expression inside parenthesis. It is possible that a function name is missing.,PVS-Studio,73.07569261444272,1,1007,
762,Memory for 'getline' function should be allocated only by 'malloc' or 'realloc' functions. Consider inspecting the first parameter of 'getline' function.,PVS-Studio,20.607087950354973,5,163,
675,Destructor of the object will be invoked a second time after leaving the object's scope.,PVS-Studio,22.71731040301922,7,2281,
788,Creating an object with placement new requires a buffer of large size.,PVS-Studio,83.88680344948352,5,9313,
682,The '&=' operation always sets a value of 'Foo' variable to zero.,PVS-Studio,89.88680075219756,2,3416,
123,Copying from unsafe data source. Buffer overflow is possible.,PVS-Studio,79.85197021457292,7,7476,
690,It is possible that an incorrect variable is compared with null after type conversion using 'dynamic_cast'.,PVS-Studio,30.70570420320039,4,38,
416,Reference invalidated because of the destruction of the temporary object returned by the function.,PVS-Studio,10.254145945058768,1,9699,
703,Violated order of exception handlers. Exception caught by handler for base class.,PVS-Studio,85.34373492681246,4,3175,
670,Consider inspecting virtual function arguments. See NN argument of function 'Foo' in derived class and base class.,PVS-Studio,56.24940482543599,8,2248,
683,Possible incorrect order of arguments passed to function.,PVS-Studio,69.17371040157127,1,5722,
682,A compound assignment expression 'X += X + N' is suspicious. Consider inspecting it for a possible error.,PVS-Studio,47.571821368900835,10,7412,
462,An item with the same key has already been added.,PVS-Studio,54.98798914961682,7,3842,
571,The variable is of enum type. It is odd that it is used as a variable of a Boolean-type.,PVS-Studio,36.51039233758371,4,1852,
119,The pointer in the expression equals nullptr. The resulting value is meaningless and should not be used.,PVS-Studio,92.63333027605236,5,5286,
480,Possible use of a left shift operator instead of a comparison operator.,PVS-Studio,47.573462435385764,9,325,
758,Calling the 'delete' operator for a void pointer will cause undefined behavior.,PVS-Studio,88.62616496434252,9,3085,
775,The function was exited without releasing the pointer/handle. A memory/resource leak is possible.,PVS-Studio,25.790604250875592,3,1041,
416,The pointer was used after the memory was released.,PVS-Studio,75.11784583903106,1,7575,
1023,It is odd that the BSTR data type is compared using a relational operator.,PVS-Studio,42.9675324561427,8,9450,
835,Potentially infinite loop. The variable in the loop exit condition does not change its value between iterations.,PVS-Studio,89.69301109447703,4,4143,
468,Dangerous widening type conversion from an array of derived-class objects to a base-class pointer.,PVS-Studio,78.45157890464583,10,2670,
682,"Two similar code fragments were found. Perhaps, this is a typo and 'X' variable should be used instead of 'Y'.",PVS-Studio,5.498712561653729,6,6010,
561,Unreachable code detected. It is possible that an error is present.,PVS-Studio,66.32664100652525,9,8853,
789,"The value of the variable is checked after it was used. Perhaps there is a mistake in program logic. Check lines: N1, N2.",PVS-Studio,34.32992553562273,7,4641,
469,It is pointless to compute the distance between the elements of different arrays.,PVS-Studio,18.94852173214091,8,1309,
119,Dereferencing of invalid iterator 'X' might take place.,PVS-Studio,12.134738435901504,10,3964,
197,The size of the bit mask is less than the size of the first operand. This will cause the loss of the higher bits.,PVS-Studio,92.71874236223198,2,3543,
691,Constant expression in switch statement.,PVS-Studio,20.585781548668926,8,9814,
197,"Assigning the value C to the X variable looks suspicious. The value range of the variable: [A, B].",PVS-Studio,64.89686596311572,1,2170,
457,Review captured variable in lambda expression.,PVS-Studio,25.490320343889973,4,5500,
672,"Iterators for the container, used in the range-based for loop, become invalid upon a function call.",PVS-Studio,48.5841412619075,9,6703,
691,The initial value of the index in the nested loop equals 'i'. Consider using 'i + 1' instead.,PVS-Studio,66.514375965878,8,5822,
691,The function located to the right of the '|' and '&' operators will be called regardless of the value of the left operand. Consider using '||' and '&&' instead.,PVS-Studio,18.17122490266838,7,7375,
691,"It is odd that the result of the statement is a part of the condition. Perhaps, this statement should have been compared with something else.",PVS-Studio,23.33678556965134,6,2864,
484,A 'break' statement is probably missing in a 'switch' statement.,PVS-Studio,32.34659219143317,10,1751,
253,The function is used as if it returned a bool type. The return value of the function should probably be compared with std::string::npos.,PVS-Studio,86.14214163253612,1,5888,
789,The size of the dynamic array can be less than the number of elements in the initializer.,PVS-Studio,22.739898285791938,9,5240,
563,The variable is assigned but is not used by the end of the function.,PVS-Studio,34.05358341567657,6,2619,
665,"A class, containing pointers, constructor and destructor, is copied by the automatically generated operator= or copy constructor.",PVS-Studio,40.61722755652093,8,4908,
628,The pointer was used unsafely after it was verified against nullptr.,PVS-Studio,50.76770091141598,1,4698,
404,The resource was acquired using 'X' function but was released using incompatible 'Y' function.,PVS-Studio,84.00313963832079,10,9462,
675,Several shared_ptr objects are initialized by the same pointer. A double memory deallocation will occur.,PVS-Studio,27.487413552703565,5,9146,
457,The value from the uninitialized optional is used. Probably it is a mistake.,PVS-Studio,85.38418203512849,6,8295,
691,Consider inspecting the 'for' operator. No more than one iteration of the loop will be performed.,PVS-Studio,64.33165846100603,2,1427,
665,Check the array initialization. Only the first element is initialized explicitly.,PVS-Studio,81.77159295035811,2,7113,
20,Unchecked tainted data is used in expression.,PVS-Studio,51.353340326807526,5,1792,
192,The expression is always false. Overflow check is incorrect.,PVS-Studio,36.90844154370239,4,9953,
670,Suspicious subexpression in a sequence of similar comparisons.,PVS-Studio,58.091261710015665,2,9577,
682,Structures with members of real type are compared byte-wise.,PVS-Studio,28.9190441073099,5,1978,
480,Suspicious simultaneous use of bitwise and logical operators.,PVS-Studio,34.377882855909824,5,1757,
681,The value is out of range of enum values. This causes unspecified or undefined behavior.,PVS-Studio,6.175964365001507,3,5056,
416,Variable of the 'string_view' type references a temporary object which will be removed after evaluation of an expression.,PVS-Studio,8.850852382373109,5,3388,
833,"Usage of a suspicious mutex wrapper. It is probably unused, uninitialized, or already locked.",PVS-Studio,72.49476770687639,8,3704,
480,Compound assignment expression is used inside condition.,PVS-Studio,29.721778895991058,5,5233,
772,Function exited without performing epilogue actions. It is possible that there is an error.,PVS-Studio,89.11765944647104,10,2776,
835,The variable is assigned the same value on several loop iterations.,PVS-Studio,77.17086553661649,6,4191,
755,An exception was thrown by pointer. Consider throwing it by value instead.,PVS-Studio,49.62174319244349,6,5275,
460,A pointer without owner is added to the container by the 'emplace_back' method. A memory leak will occur in case of an exception.,PVS-Studio,45.64370082920104,3,6067,
20,"The stream is checked for EOF before reading from it, but is not checked after reading. Potential use of invalid data.",PVS-Studio,25.63934764983533,5,9792,
820,"Rather than creating 'std::unique_lock' to lock on the mutex, a new variable with default value is created.",PVS-Studio,52.45449131889334,1,8397,
190,The variable is incremented in the loop. Undefined behavior will occur in case of signed integer overflow.,PVS-Studio,20.000463133108138,10,7149,
704,Pointer to an object of the class is cast to unrelated class.,PVS-Studio,22.314199904504672,10,6619,
190,"Possible overflow. Consider casting operands, not the result.",PVS-Studio,45.012724453187836,3,2288,
197,Numeric Truncation Error. Return value of function is written to N-bit variable.,PVS-Studio,23.939827639700884,6,419,
843,Pointer is cast to a more strictly aligned pointer type.,PVS-Studio,91.74373096611463,7,8874,
834,Do not use real-type variables as loop counters.,PVS-Studio,32.60986273591694,4,8988,
609,Potentially unsafe double-checked locking.,PVS-Studio,14.884591370993805,8,8767,
691,Two or more case-branches perform the same actions.,PVS-Studio,76.83275427896854,6,2931,
468,It's odd that a char or string literal is added to a pointer.,PVS-Studio,9.933187733696458,8,2775,
825,Class member is initialized with dangling reference.,PVS-Studio,33.36753463232185,4,4681,
1177,"This file is marked with copyleft license, which requires you to open the derived source code.",PVS-Studio,7.683438401115017,10,3034,
834,Loop break conditions do not depend on the number of iterations.,PVS-Studio,7.3193657523419215,7,6373,
703,The DllMain function throws an exception. Consider wrapping the throw operator in a try..catch block.,PVS-Studio,75.52505864914798,1,9804,
682,Unsafe usage of the 'bool' and integer types together in the operation '&='.,PVS-Studio,84.25871941639622,8,7291,
672,Lifetime of the lambda is greater than lifetime of the local variable captured by reference.,PVS-Studio,99.8941772989755,3,3000,
1164,Variable 'foo' was assigned the same value.,PVS-Studio,6.536564821569934,2,8576,
457,The uninitialized class member is used when initializing the base class.,PVS-Studio,57.14248386825205,4,54,
754,Consider checking for misprints. It's possible that an assigned variable should be checked in the next condition.,PVS-Studio,34.56598577170421,10,5703,
131,"The 'sizeof' expression returns the size of the container type, not the number of elements. Consider using the 'size()' function.",PVS-Studio,43.25540254159771,6,6045,
337,Pseudo random sequence is the same at every program run. Consider assigning the seed to a value not known at compile-time.,PVS-Studio,52.47319150299944,9,1532,
1025,Nonsensical comparison of two different functions' addresses.,PVS-Studio,13.529745107303626,2,5710,
682,The modulo by 1 operation is meaningless. The result will always be zero.,PVS-Studio,97.47208537460149,1,4257,
477,Consider using the extended version of the 'foo' function here.,PVS-Studio,8.306104288477933,1,6457,
477,Consider using the 'Ptr' version of the 'foo' function here.,PVS-Studio,60.439562595440236,5,9029,
681,Explicit conversion from 'float/double' type to signed integer type.,PVS-Studio,38.89022670935831,2,9743,
681,Explicit conversion from 'float/double' type to unsigned integer type.,PVS-Studio,2.5452238170347363,6,4164,
480,This expression can be simplified. One of the operands in the operation equals NN. Probably it is a mistake.,PVS-Studio,75.40258801529244,2,631,
407,Cyclomatic complexity: NN. Consider refactoring the 'Foo' function.,PVS-Studio,2.0983152162588503,4,4800,
704,Consider inspecting the correctness of handling the N argument in the 'Foo' function.,PVS-Studio,90.1140043450889,4,7384,
676,MISRA. The function with the 'abort/exit/getenv/system' name should not be used.,PVS-Studio,23.02831310347312,7,157,
676,MISRA. The function with the 'qsort/bsearch' name should not be used.,PVS-Studio,57.184931427439935,5,5485,
676,MISRA. Memory allocation and deallocation functions should not be used.,PVS-Studio,62.88913341571567,4,3233,
676,MISRA. The macro with the 'setjmp' name and the function with the 'longjmp' name should not be used.,PVS-Studio,91.93756413445325,7,7940,
676,MISRA. Unbounded functions performing string operations should not be used.,PVS-Studio,46.24912465322608,9,8599,
478,MISRA. The 'switch' statement should have 'default' as the last label.,PVS-Studio,36.97826899721207,7,9518,
571,There are identical sub-expressions to the left and to the right of the 'foo' operator.,PVS-Studio,78.35051103086856,1,4931,
570,The use of 'if (A) {...} else if (A) {...}' pattern was detected. There is a probability of logical error presence.,PVS-Studio,83.24567779388157,5,8208,
691,The 'then' statement is equivalent to the 'else' statement.,PVS-Studio,2.4784643417075425,6,5551,
390,The object was created but it is not being used. The 'throw' keyword could be missing.,PVS-Studio,97.96467809814598,10,2320,
691,Odd semicolon ';' after 'if/for/while' operator.,PVS-Studio,14.69569787632351,5,5825,
563,The 'x' variable is assigned values twice successively. Perhaps this is a mistake.,PVS-Studio,81.08328515267894,2,3225,
393,It's odd that this method always returns one and the same value of NN.,PVS-Studio,30.581573729690938,1,7990,
252,The return value of function 'Foo' is required to be utilized.,PVS-Studio,85.4174375322975,7,2632,
570,Two opposite conditions were encountered. The second condition is always false.,PVS-Studio,56.40336166096716,5,1049,
783,"The '?:' operator, regardless of its conditional expression, always returns one and the same value.",PVS-Studio,10.188429376444985,5,8183,
691,It is likely that a wrong variable is being incremented inside the 'for' operator. Consider reviewing 'X'.,PVS-Studio,79.28487566743834,6,4177,
691,It is likely that a wrong variable is being compared inside the 'for' operator. Consider reviewing 'X'.,PVS-Studio,11.511411220129219,8,8237,
691,The variable 'X' is being used for this loop and for the outer loop.,PVS-Studio,58.332200508799744,4,3937,
670,Consider inspecting the application's logic. It's possible that 'else' keyword is missing.,PVS-Studio,18.118764553175616,4,5146,
697,It is possible that an incorrect variable is compared with null after type conversion using 'as' keyword.,PVS-Studio,27.568136362776308,5,2875,
670,An unconditional 'break/continue/return/goto' within a loop.,PVS-Studio,19.20754875763103,1,3666,
561,There are two 'if' statements with identical conditional expressions. The first 'if' statement contains method return. This means that the second 'if' statement is senseless.,PVS-Studio,38.55353913305961,8,5263,
571,Expression is always true/false.,PVS-Studio,13.178873859470652,7,7043,
571,Consider inspecting this expression. The expression is excessive or contains a misprint.,PVS-Studio,74.72084415463407,2,1897,
682,An odd precise comparison. Consider using a comparison with defined precision: Math.Abs(A - B) < Epsilon or Math.Abs(A - B) > Epsilon.,PVS-Studio,32.304697450990425,4,4103,
685,Incorrect format. Consider checking the N format items of the 'Foo' function.,PVS-Studio,69.42520966226515,6,3669,
476,The variable was utilized in the logical expression before it was verified against null in the same logical expression.,PVS-Studio,51.62559405571344,6,8548,
691,Consider inspecting the 'for' operator. Initial and final values of the iterator are the same.,PVS-Studio,46.4867579288003,4,5034,
571,Recurring check. This condition was already verified in previous line.,PVS-Studio,49.309503146099175,5,5130,
835,"Waiting on this expression is unreliable, as compiler may optimize some of the variables. Use volatile variable(s) or synchronization primitives to avoid this.",PVS-Studio,21.331195074228905,4,3593,
670,It is possible that this 'else' branch must apply to the previous 'if' statement.,PVS-Studio,97.54356773839078,8,1071,
480,Consider inspecting the expression. Probably the '!=' should be used here.,PVS-Studio,88.70954902519446,4,958,
480,Consider inspecting the expression. Probably the '+=' should be used here.,PVS-Studio,61.8826174460188,1,2086,
480,Consider inspecting the expression. Probably the '-=' should be used here.,PVS-Studio,67.54678016764616,4,4393,
687,The argument was passed to method several times. It is possible that another argument should be passed instead.,PVS-Studio,79.71806984478798,9,7819,
39,Consider inspecting the 'Foo' function call. Defining an absolute path to the file or directory is considered a poor style.,PVS-Studio,81.89467346281367,7,6819,
682,The expression contains a suspicious mix of integer and real types.,PVS-Studio,86.55386066467851,4,4670,
682,The expression was implicitly cast from integer type to real type. Consider utilizing an explicit type cast to avoid the loss of a fractional part.,PVS-Studio,41.3274155514447,3,7763,
476,Possible NullReferenceException. The '?.' and '.' operators are used for accessing members of the same object.,PVS-Studio,89.27282155697866,8,4938,
483,The code's operational logic does not correspond with its formatting.,PVS-Studio,53.7950959631593,6,29,
704,An excessive type cast or check. The object is already of the same type.,PVS-Studio,70.98224367101746,4,7379,
390,The original exception object was swallowed. Stack of original exception could be lost.,PVS-Studio,33.13129476035404,2,9142,
609,Potentially unsafe double-checked locking. Use volatile variable(s) or synchronization primitives to avoid this.,PVS-Studio,81.0951052939685,9,5304,
481,Suspicious assignment inside the condition expression of 'if/while/for' operator.,PVS-Studio,58.06014754527447,6,9742,
682,Consider reviewing the correctness of 'X' item's usage.,PVS-Studio,19.302995176348237,4,3380,
628,Function receives an odd argument.,PVS-Studio,60.30349747101128,10,8613,
462,An item with the same key has already been added.,PVS-Studio,84.03774159339338,6,4412,
682,A value of variable is not modified. Consider inspecting the expression. It is possible that other value should be present instead of '0'.,PVS-Studio,84.24476229259486,9,3397,
571,A part of conditional expression is always true/false if it is evaluated.,PVS-Studio,62.951405097674126,10,5489,
369,Division or mod division by zero.,PVS-Studio,52.028122833299975,5,6639,
683,Possible incorrect order of arguments passed to method.,PVS-Studio,78.70982147985104,9,4005,
691,"It is possible that 'else' block was forgotten or commented out, thus altering the program's operation logics.",PVS-Studio,23.95732864445653,2,108,
670,"It's possible that the line was commented out improperly, thus altering the program's operation logics.",PVS-Studio,61.35559324566798,9,5244,
457,Uninitialized variables are used when initializing the 'A' variable.,PVS-Studio,25.14821551889027,10,3671,
571,Comparison with 'double.NaN' is meaningless. Use 'double.IsNaN()' method instead.,PVS-Studio,92.0130887892459,1,5093,
476,Possible null dereference.,PVS-Studio,83.89809768791908,4,1334,
563,The 'Thread' object is created but is not started. It is possible that a call to 'Start' method is missing.,PVS-Studio,78.76013464110322,9,8436,
367,"Unsafe invocation of event, NullReferenceException is possible. Consider assigning event to a local variable before invoking it.",PVS-Studio,54.66466220768373,7,5629,
665,Initializer of a field marked by [ThreadStatic] attribute will be called once on the first accessing thread. The field will have default value on different threads.,PVS-Studio,83.09426656254176,4,4003,
833,Unsafe locking on an object.,PVS-Studio,46.24104721557847,9,6462,
670,Range intersections are possible within conditional expressions.,PVS-Studio,82.69923784208679,5,6211,
480,The operator evaluates both operands. Perhaps a short-circuit operator should be used instead.,PVS-Studio,46.300606390277466,4,8771,
476,"The object was used before it was verified against null. Check lines: N1, N2.",PVS-Studio,69.8393631997381,4,5807,
670,The 'continue' operator will terminate 'do { ... } while (false)' loop because the condition is always false.,PVS-Studio,35.713431599059355,5,7565,
684,Not all the members of type are serialized inside 'GetObjectData' method.,PVS-Studio,54.01537002407426,2,2331,
476,NullReferenceException is possible. Unhandled exceptions in destructor lead to termination of runtime.,PVS-Studio,87.80169097960098,5,6875,
690,The 'a' variable was used after it was assigned through null-conditional operator. NullReferenceException is possible.,PVS-Studio,31.99346036075269,10,1262,
787,Possibly index is out of bound.,PVS-Studio,27.268414195549408,7,8335,
684,It is not recommended to return null or throw exceptions from 'ToString()' method.,PVS-Studio,49.476077512718696,3,7087,
674,Possible infinite recursion.,PVS-Studio,90.58864734726264,7,721,
697,An abnormality within similar comparisons. It is possible that a typo is present inside the expression.,PVS-Studio,80.26344882986136,6,6219,
190,Consider inspecting the loop expression. It is possible that different variables are used inside initializer and iterator.,PVS-Studio,98.34284523974966,5,1033,
404,IDisposable object is not disposed before method returns.,PVS-Studio,45.53444905041262,1,9351,
684,It is not recommended to throw exceptions from 'Equals(object obj)' method.,PVS-Studio,5.817916962624148,7,713,
835,Consider inspecting the 'for' operator. It's possible that the loop will be executed incorrectly or won't be executed at all.,PVS-Studio,72.86172056051757,9,2592,
835,Potentially infinite loop. The variable from the loop exit condition does not change its value between iterations.,PVS-Studio,39.588238782302255,6,7339,
570,Uppercase (lowercase) string is compared with a different lowercase (uppercase) string.,PVS-Studio,13.77892913666937,6,7524,
783,Perhaps the '??' operator works in a different way than it was expected. Its priority is lower than priority of other operators in its left part.,PVS-Studio,4.355462144282541,7,9962,
476,"The object was used after it was verified against null. Check lines: N1, N2.",PVS-Studio,95.88715418875083,1,8628,
682,"Two similar code fragments were found. Perhaps, this is a typo and 'X' variable should be used instead of 'Y'.",PVS-Studio,59.9866814667682,6,1113,
665,The field (property) is used before it is initialized in constructor.,PVS-Studio,3.525089574478435,6,4572,
704,"The expression is checked for compatibility with the type 'A', but is casted to the 'B' type.",PVS-Studio,86.58359801078453,5,5447,
665,A terminal null is present inside a string. The '\0xNN' characters were encountered. Probably meant: '\xNN'.,PVS-Studio,39.97237854823983,9,1069,
682,Postfix increment/decrement is senseless because this variable is overwritten.,PVS-Studio,4.750401795200321,8,4789,
128,Shift by N bits is greater than the size of type.,PVS-Studio,61.251835700821545,6,1117,
691,The initial value of the index in the nested loop equals 'i'. Consider using 'i + 1' instead.,PVS-Studio,3.6246992816769352,9,5468,
691,Constant expression in switch statement.,PVS-Studio,6.613096683157382,6,5631,
563,The variable is assigned but is not used by the end of the function.,PVS-Studio,77.50104517480605,9,8378,
561,Unreachable code detected. It is possible that an error is present.,PVS-Studio,95.16309239569381,4,6518,
476,Unsafe dereference of a WeakReference target. The object could have been garbage collected before the 'Target' property was accessed.,PVS-Studio,94.90698861206504,2,5958,
476,Possible null dereference. A method can return default null value.,PVS-Studio,76.5244673447483,7,8658,
567,Non-atomic modification of volatile variable.,PVS-Studio,53.353349796627555,7,8871,
476,Casting potential 'null' value to a value type can lead to NullReferenceException.,PVS-Studio,85.45069596457117,3,1770,
476,Dereferencing the result of 'as' operator can lead to NullReferenceException.,PVS-Studio,61.96666559901883,1,5426,
369,"Potential division by zero. Variable was used as a divisor before it was compared to zero. Check lines: N1, N2.",PVS-Studio,24.08961938777068,5,8027,
476,"Potential division by zero. Variable was compared to zero before it was used as a divisor. Check lines: N1, N2.",PVS-Studio,70.43003985301733,1,4273,
476,Dereferencing the result of null-conditional access operator can lead to NullReferenceException. Consider removing parentheses around null-conditional access expression.,PVS-Studio,37.951777351996355,1,3529,
682,The 'a % b' expression always evaluates to 0.,PVS-Studio,14.700756984903485,1,4066,
682,The expression is incorrect or it can be simplified.,PVS-Studio,40.65656023237314,3,7838,
571,There are identical sub-expressions to the left and to the right of the 'foo' operator.,PVS-Studio,36.74693862350791,8,8792,
570,The use of 'if (A) {...} else if (A) {...}' pattern was detected. There is a probability of logical error presence.,PVS-Studio,7.624904412826439,2,9558,
691,The 'then' statement is equivalent to the 'else' statement.,PVS-Studio,96.80729158261786,1,7752,
390,The object was created but it is not being used. The 'throw' keyword could be missing.,PVS-Studio,75.42828821895246,3,7407,
571,Expression is always true/false.,PVS-Studio,16.668847177193115,9,986,
690,Potential null dereference.,PVS-Studio,23.576842564310162,7,6068,
628,Function receives an odd argument.,PVS-Studio,95.59292687468611,6,3881,
252,The return value of function 'Foo' is required to be utilized.,PVS-Studio,15.804607815509586,3,5054,
682,The expression contains a suspicious mix of integer and real types.,PVS-Studio,39.32615518145898,9,4247,
783,"The '?:' operator, regardless of its conditional expression, always returns one and the same value.",PVS-Studio,29.844501399259325,1,636,
595,"Comparison of arrays, strings, collections by reference. Possibly an equality comparison was intended.",PVS-Studio,73.6589502546466,6,9432,
393,It's odd that this method always returns one and the same value of NN.,PVS-Studio,50.01353581327188,9,2423,
480,Consider inspecting the expression. Probably the '!='/'-='/'+=' should be used here.,PVS-Studio,0.7211145088012683,2,7224,
691,Constant expression in switch statement.,PVS-Studio,47.555753174554496,7,8276,
561,Unreachable code detected. It is possible that an error is present.,PVS-Studio,44.30769235206316,8,6076,
369,Division or mod division by zero.,PVS-Studio,65.99135603185192,6,5963,
563,The value is assigned to the 'x' variable but is not used.,PVS-Studio,61.87618751578987,5,5377,
670,The 'continue' operator will terminate 'do { ... } while (false)' loop because the condition is always false.,PVS-Studio,42.96563645236245,3,5366,
125,Possibly index is out of bound.,PVS-Studio,31.40036093263019,3,6682,
683,Possible incorrect order of arguments passed to method.,PVS-Studio,81.22697765697427,7,557,
691,The function located to the right of the '|' and '&' operators will be called regardless of the value of the left operand. Consider using '||' and '&&' instead.,PVS-Studio,82.72538837025748,4,3679,
691,The variable 'X' is being used for this loop and for the outer loop.,PVS-Studio,31.38285782456571,5,8463,
462,An item with the same key has already been added.,PVS-Studio,82.6612596909595,3,7724,
758,Shift by N bits is inconsistent with the size of type.,PVS-Studio,85.04120707506762,7,2301,
457,The value from the uninitialized optional is used.,PVS-Studio,70.45800017546439,1,1612,
670,An unconditional 'break/continue/return/goto' within a loop.,PVS-Studio,82.92613062648621,8,9223,
570,Comparison with 'double.NaN' is meaningless. Use 'double.isNaN()' method instead.,PVS-Studio,72.44781927175187,5,8070,
561,There are two 'if' statements with identical conditional expressions. The first 'if' statement contains method return. This means that the second 'if' statement is senseless.,PVS-Studio,65.32920740797984,2,2882,
483,The code's operational logic does not correspond with its formatting.,PVS-Studio,89.60408595631361,7,2548,
481,Suspicious assignment inside the conditional expression of 'if/while/do...while' statement.,PVS-Studio,43.222764581691166,10,9806,
704,"The expression is checked for compatibility with type 'A', but is cast to type 'B'.",PVS-Studio,0.274786093029844,1,4510,
691,Consider inspecting the 'for' operator. Initial and final values of the iterator are the same.,PVS-Studio,86.52356988970848,8,5537,
682,Postfix increment/decrement is senseless because this variable is overwritten.,PVS-Studio,68.96201682361836,4,7962,
686,Incorrect format. Consider checking the N format items of the 'Foo' function.,PVS-Studio,77.197805985765,8,8716,
670,It is possible that this 'else' branch must apply to the previous 'if' statement.,PVS-Studio,78.61014730561371,3,4197,
480,This expression can be simplified. One of the operands in the operation equals NN. Probably it is a mistake.,PVS-Studio,97.09799820001246,9,3289,
665,Class initialization cycle is present.,PVS-Studio,20.05573331791655,6,7772,
584,Use of jump statements in 'finally' block can lead to the loss of unhandled exceptions.,PVS-Studio,51.52382050987004,3,9779,
486,Classes should not be compared by their name.,PVS-Studio,39.928521419952354,3,1107,
571,Consider inspecting this expression. The expression is excessive or contains a misprint.,PVS-Studio,15.204735707837047,6,1238,
1024,Comparing objects of incompatible types.,PVS-Studio,69.04041301769864,2,6206,
185,"Odd use of special character in regular expression. Possibly, it was intended to be escaped.",PVS-Studio,33.7449186834493,2,3571,
476,The reference was used before it was verified against null.,PVS-Studio,12.586500474654006,1,9104,
682,The used constant value is represented by an octal form.,PVS-Studio,47.56710751289901,9,8990,
674,Possible infinite recursion.,PVS-Studio,98.9785247133004,3,4960,
670,Odd semicolon ';' after 'if/foreach' operator.,PVS-Studio,72.9361227349348,1,6922,
572,Suspicious invocation of Thread.run().,PVS-Studio,50.91015268805362,6,2903,
691,Two or more case-branches perform the same actions.,PVS-Studio,78.87128043821218,4,4690,
662,Unsafe synchronization on an object.,PVS-Studio,69.6264595542952,3,5955,
682,"Two similar code fragments were found. Perhaps, this is a typo and 'X' variable should be used instead of 'Y'.",PVS-Studio,56.156158910929854,6,52,
684,It is not recommended to return null or throw exceptions from 'toString' / 'clone' methods.,PVS-Studio,22.28907802245159,10,7924,
567,Non-atomic modification of volatile variable.,PVS-Studio,68.03441837163986,4,9194,
684,The signature of method 'X' does not conform to serialization requirements.,PVS-Studio,53.31265278507139,2,5579,
478,A suspicious label is present inside a switch(). It is possible that these are misprints and 'default:' label should be used instead.,PVS-Studio,55.1419995797888,2,4998,
129,"Value of variable is checked after use. Potential logical error is present. Check lines: N1, N2.",PVS-Studio,96.53401252560751,4,421,
754,Consider checking for misprints. It's possible that an assigned variable should be checked in the next condition.,PVS-Studio,41.65661085048315,9,2837,
609,Unsafe double-checked locking.,PVS-Studio,0.8862633352219818,9,665,
697,An abnormality within similar comparisons. It is possible that a typo is present inside the expression.,PVS-Studio,56.73932613084133,10,9390,
670,Suspicious code formatting. 'else' keyword is probably missing.,PVS-Studio,86.28512693344872,5,831,
670,"It's possible that the line was commented out improperly, thus altering the program's operation logics.",PVS-Studio,55.13036413088373,1,8007,
665,Field 'A' is being used before it was initialized.,PVS-Studio,27.154928000552392,2,2036,
476,Automatic unboxing of a variable may cause NullPointerException.,PVS-Studio,33.8382489230135,4,6514,
